Node,AlgoValue,MCValue,Diff
1021,0.6931294937808634,0.691817,0.0013124937808633996
741,0.8305355041179324,0.829326,0.001209504117932414
111,0.5594933828666178,0.558372,0.0011213828666177816
415,0.86751,0.868617,0.0011069999999999691
356,0.688812575127541,0.689916,0.001103424872458958
768,0.7290000000000001,0.730095,0.0010949999999999571
78,0.6914729352776527,0.690427,0.001045935277652732
929,0.86751,0.868484,0.0009740000000000304
25,0.6914703711378798,0.69051,0.0009603711378798341
124,0.6912803689144669,0.692239,0.0009586310855331792
638,0.6912803689144669,0.690328,0.0009523689144668168
668,0.8617402565271001,0.86269,0.0009497434728998888
370,0.7290000000000001,0.728058,0.0009420000000001094
811,0.8938269,0.894746,0.0009191000000000615
81,0.6854891413656392,0.684574,0.0009151413656391938
94,0.8534325542153911,0.854324,0.0008914457846088686
44,0.6897520307406035,0.688861,0.0008910307406035933
561,0.6969158234659918,0.696027,0.0008888234659918393
338,0.6980096077869511,0.698896,0.00088639221304887
526,0.7290000000000001,0.728122,0.0008780000000000454
546,0.5592703894964594,0.558419,0.0008513894964593538
558,0.6897520307406036,0.688901,0.0008510307406036643
423,0.86751,0.866669,0.0008409999999999807
326,0.9,0.899178,0.0008219999999999894
56,0.8536702904662379,0.852849,0.0008212904662379117
833,0.8554537578836237,0.854633,0.0008207578836236795
612,0.8606946038183642,0.859876,0.0008186038183641831
105,0.8533297708577685,0.852512,0.0008177708577684628
599,0.9,0.900814,0.0008139999999999814
965,0.9,0.899195,0.0008050000000000557
132,0.892730648740149,0.893531,0.0008003512598510065
878,0.6852288197134568,0.686026,0.0007971802865431865
328,0.9,0.900795,0.0007949999999999902
208,0.86751,0.868302,0.0007920000000000149
351,0.5904900000000002,0.5897,0.0007900000000001794
515,0.8486997801848172,0.847921,0.0007787801848171405
40,0.6946322839688347,0.693859,0.0007732839688346926
532,0.8600591369734029,0.859288,0.0007711369734028084
480,0.8616035989412981,0.860834,0.000769598941298133
458,0.8532681120558194,0.85403,0.0007618879441805282
340,0.8616218254795207,0.860863,0.0007588254795206639
606,0.7290000000000001,0.729755,0.0007549999999999502
527,0.9,0.899248,0.0007519999999999749
649,0.892730648740149,0.893475,0.0007443512598510615
303,0.7290000000000001,0.728258,0.0007420000000001314
101,0.6907325714402688,0.689993,0.0007395714402688158
279,0.86751,0.866772,0.0007380000000000164
681,0.8557154244208189,0.856453,0.0007375755791810823
148,0.8617402565271001,0.861003,0.0007372565271001053
827,0.9,0.900737,0.0007369999999999877
509,0.6897849314389617,0.689049,0.0007359314389616678
45,0.6897520307406035,0.689023,0.0007290307406034868
347,0.7026831,0.703412,0.0007289000000000323
748,0.86751,0.866795,0.0007150000000000212
1033,0.6980096077869511,0.697298,0.0007116077869511184
518,0.8305355041179324,0.829826,0.000709504117932469
501,0.8411931,0.8419,0.0007068999999999548
403,0.9,0.900703,0.0007030000000000092
491,0.8514948857053535,0.850794,0.0007008857053534268
145,0.8617402565271001,0.862441,0.0007007434728999451
977,0.8616218254795207,0.862321,0.0006991745204792954
961,0.9,0.899302,0.0006979999999999764
1025,0.6980096077869511,0.697312,0.0006976077869510489
837,0.8554712251809975,0.85616,0.0006887748190025356
31,0.8575707209491786,0.856883,0.0006877209491786829
918,0.9,0.899313,0.0006869999999999932
858,0.8544197561665412,0.853737,0.0006827561665412318
238,0.9,0.899318,0.0006820000000000714
1024,0.8557154244208189,0.855034,0.0006814244208189768
10,0.9,0.900677,0.0006769999999999277
461,0.8616218254795207,0.862298,0.0006761745204793002
726,0.86751,0.866835,0.0006749999999999812
729,0.8567400455270999,0.85607,0.0006700455270999273
1004,0.8512767628283231,0.850609,0.0006677628283231485
782,0.8654084932899899,0.866076,0.0006675067100100351
118,0.6946603194465562,0.693994,0.0006663194465561517
292,0.9,0.900666,0.0006659999999999444
97,0.8600695866821904,0.859406,0.0006635866821903535
843,0.8213443657893471,0.820681,0.0006633657893471145
779,0.8654084932899899,0.864746,0.0006624932899899072
198,0.9,0.900662,0.0006619999999999404
785,0.9,0.900653,0.0006530000000000147
140,0.8617402565271001,0.861093,0.0006472565271000708
643,0.6914703711378798,0.690826,0.0006443711378797401
449,0.8359039085028036,0.83526,0.0006439085028036029
535,0.8543952077985602,0.855035,0.0006397922014398372
590,0.6767824167324301,0.676143,0.0006394167324300648
89,0.8253859532803389,0.824748,0.0006379532803388877
450,0.835908223162825,0.836546,0.0006377768371750303
354,0.8459615058190826,0.846599,0.0006374941809174084
658,0.8617402565271001,0.861103,0.0006372565271001163
995,0.6894166558218805,0.68879,0.0006266558218804841
123,0.6912803689144669,0.691905,0.0006246310855331227
890,0.8625097890000001,0.863133,0.0006232109999999569
861,0.7026831,0.703302,0.0006188999999999778
601,0.8616218254795207,0.862238,0.0006161745204792402
470,0.8606946038183642,0.86131,0.0006153961816358633
739,0.8557154244208189,0.856326,0.0006105755791810941
151,0.8617402565271001,0.86235,0.0006097434728998818
119,0.6946603194465562,0.69527,0.0006096805534439032
477,0.691181116722274,0.69179,0.0006088832777260134
82,0.6854891413656392,0.684881,0.0006081413656392476
104,0.692931692396608,0.693538,0.0006063076033919756
964,0.835908223162825,0.836514,0.0006057768371749983
1036,0.86751,0.866908,0.0006019999999999914
800,0.8625097890000001,0.863108,0.0005982109999999041
568,0.859874389274233,0.86047,0.0005956107257669707
705,0.9,0.899405,0.0005950000000000122
580,0.8537145467833149,0.85312,0.000594546783314942
180,0.8617402565271001,0.861148,0.0005922565271000435
730,0.8614135377401491,0.862005,0.0005914622598509611
562,0.690457270983283,0.689868,0.0005892709832829857
117,0.6898399299062644,0.689255,0.0005849299062644642
863,0.7396220162357102,0.740204,0.0005819837642897507
989,0.852512856790115,0.851933,0.0005798567901149632
35,0.5592703894964592,0.558692,0.0005783894964592751
701,0.9,0.899426,0.0005740000000000745
38,0.6897849314389617,0.689212,0.0005729314389616436
990,0.8527198276048594,0.852147,0.0005728276048594383
770,0.9,0.899428,0.0005720000000000169
586,0.5566801253754343,0.557252,0.0005718746245656492
174,0.8557154244208189,0.856286,0.0005705755791810541
361,0.8531440119387792,0.853713,0.0005689880612208542
300,0.86751,0.868077,0.0005669999999999842
844,0.8336282988608299,0.833062,0.000566298860829928
43,0.6946322839688347,0.694066,0.0005662839688347354
914,0.9,0.900564,0.0005640000000000089
801,0.8625097890000001,0.861954,0.0005557890000000842
4,0.892730648740149,0.893286,0.0005553512598510668
974,0.6911471707652137,0.691701,0.0005538292347863072
540,0.8529454108213282,0.852392,0.0005534108213282041
39,0.6946322839688347,0.694079,0.0005532839688346947
679,0.8654084932899899,0.864856,0.0005524932899899637
451,0.9,0.899448,0.0005519999999999969
178,0.8617402565271001,0.862292,0.0005517434728998794
272,0.9,0.89945,0.0005500000000000504
263,0.86751,0.866962,0.0005479999999999929
732,0.8567400455270999,0.856193,0.000547045527099943
339,0.8616218254795207,0.861075,0.000546825479520674
49,0.9,0.900545,0.0005450000000000177
879,0.9,0.899462,0.0005380000000000384
627,0.6897393550432248,0.689202,0.0005373550432248297
490,0.8512767628283231,0.850743,0.00053376282832307
988,0.8522385879528203,0.852772,0.0005334120471797155
465,0.8544197561665412,0.854951,0.0005312438334588165
32,0.5592703894964592,0.55874,0.0005303894964592271
295,0.8938269,0.894357,0.0005300999999999778
875,0.8531440119387792,0.853673,0.0005289880612208142
414,0.9,0.899472,0.0005279999999999729
727,0.8614135377401491,0.86194,0.0005264622598509794
170,0.8616218254795207,0.861096,0.0005258254795207362
721,0.86751,0.868035,0.0005249999999999977
60,0.6767824167324301,0.676258,0.0005244167324300886
164,0.8557154244208189,0.855192,0.0005234244208189853
981,0.9,0.899478,0.0005220000000000224
513,0.6841273660449096,0.684649,0.000521633955090306
992,0.8606946038183642,0.860173,0.0005216038183641913
190,0.9,0.900521,0.0005209999999999937
500,0.8567400455270999,0.856222,0.0005180455270998863
870,0.6888125751275412,0.688295,0.0005175751275412477
335,0.8557154244208189,0.856231,0.0005155755791810268
218,0.8567400455270999,0.856225,0.000515045527099911
764,0.9,0.899486,0.0005140000000000144
690,0.8617402565271001,0.862254,0.0005137434728998969
15,0.851545716963708,0.851032,0.0005137169637079442
113,0.6897393550432246,0.690253,0.0005136449567754164
29,0.8604914224801984,0.861005,0.0005135775198016335
438,0.9,0.900512,0.0005119999999999569
299,0.86751,0.868021,0.0005110000000000392
242,0.9,0.899498,0.0005020000000000024
24,0.6946322839688347,0.694131,0.0005012839688346427
560,0.6897520307406036,0.689251,0.0005010307406037029
188,0.9,0.900501,0.0005009999999999737
193,0.9,0.900501,0.0005009999999999737
385,0.9,0.899499,0.0005009999999999737
784,0.9,0.900501,0.0005009999999999737
350,0.7290000000000001,0.7295,0.0004999999999999449
987,0.6920828504033564,0.691583,0.0004998504033564277
315,0.8554537578836237,0.854955,0.000498757883623635
529,0.8515457169637082,0.851047,0.000498716963708179
240,0.9,0.900495,0.0004950000000000232
389,0.86751,0.868005,0.0004950000000000232
892,0.8625097890000001,0.862017,0.000492789000000049
984,0.8606946038183642,0.861187,0.0004923961816358791
710,0.9,0.900492,0.0004919999999999369
901,0.8354172901181196,0.834926,0.0004912901181196583
608,0.8534325542153911,0.852942,0.0004905542153911258
85,0.9,0.900489,0.0004889999999999617
794,0.86751,0.867997,0.0004870000000000152
228,0.8557154244208189,0.856202,0.0004865755791810811
556,0.6905993527163814,0.690113,0.00048635271638142186
642,0.9,0.899514,0.00048599999999998644
786,0.9,0.899514,0.00048599999999998644
603,0.8253859532803389,0.8249,0.0004859532803389577
90,0.8305355041179324,0.830053,0.0004825041179323808
28,0.6904572709832829,0.689976,0.00048127098328287765
975,0.8616218254795207,0.862102,0.0004801745204793262
12,0.9,0.899525,0.0004750000000000032
125,0.6912803689144669,0.691753,0.00047263108553308175
625,0.5594933828666178,0.559962,0.0004686171333821987
763,0.9,0.899533,0.0004669999999999952
973,0.8544154118269841,0.854882,0.0004665881730159249
217,0.8614135377401491,0.861879,0.0004654622598508906
923,0.9,0.899535,0.0004650000000000487
884,0.7290000000000001,0.728536,0.000464000000000131
41,0.6946322839688347,0.694169,0.00046328396883466016
378,0.8625097890000001,0.862049,0.000460789000000128
19,0.8603899055135701,0.86085,0.00046009448642991835
129,0.6914703711378798,0.691928,0.00045762886212019627
331,0.8304533257486385,0.83091,0.00045667425136153295
27,0.85366712486158,0.853211,0.0004561248615799762
460,0.6911471707652137,0.691602,0.00045482923478634696
857,0.824402250258673,0.82395,0.0004522502586730148
259,0.8938269,0.894279,0.00045210000000006634
502,0.86751,0.867961,0.0004509999999999792
376,0.8625097890000001,0.862061,0.000448789000000116
84,0.687259414043746,0.687706,0.00044658595625401976
74,0.688812575127541,0.688368,0.0004445751275410359
319,0.8554537578836237,0.855896,0.0004422421163763346
963,0.8359039085028036,0.835463,0.0004409085028036497
213,0.8614135377401491,0.860973,0.00044053774014907177
1022,0.5653877823074304,0.564949,0.00043878230743032987
1041,0.9,0.900438,0.00043799999999993844
64,0.687259414043746,0.687697,0.000437585956253983
591,0.6767824167324301,0.676345,0.00043741673243014034
874,0.822267422375357,0.822704,0.00043657762464299754
652,0.892730648740149,0.893165,0.00043435125985102907
487,0.8514948857053535,0.851926,0.0004311142946464841
880,0.86751,0.86794,0.00043000000000004146
512,0.8616035989412981,0.862033,0.00042940105870192813
453,0.9,0.900429,0.0004290000000000127
579,0.8601205033808472,0.860549,0.00042849661915278503
412,0.9,0.899572,0.00042799999999998395
868,0.8459615058190826,0.846387,0.0004254941809174184
248,0.9,0.899575,0.0004250000000000087
824,0.9,0.900425,0.0004250000000000087
439,0.9,0.900423,0.0004229999999999512
740,0.8305355041179324,0.830113,0.0004225041179324318
1003,0.8606946038183642,0.860274,0.0004206038183641736
742,0.8557154244208189,0.855295,0.00042042442081891007
564,0.8503858952191867,0.850806,0.0004201047808132241
486,0.8568194140837498,0.857239,0.0004195859162501314
157,0.8663912468411088,0.865972,0.0004192468411088335
969,0.9,0.900418,0.00041800000000002946
700,0.8617402565271001,0.861323,0.0004172565271001183
1007,0.8535490330251341,0.853136,0.0004130330251340686
153,0.8617402565271001,0.862153,0.0004127434728998791
454,0.9,0.899589,0.0004110000000000502
553,0.6946322839688347,0.695042,0.0004097160311653525
396,0.9,0.900409,0.0004089999999999927
813,0.86751,0.867915,0.0004049999999999887
747,0.7290000000000001,0.729404,0.00040399999999995995
856,0.6931294937808634,0.693533,0.00040350621913654017
680,0.8654084932899899,0.865005,0.000403493289989898
686,0.8616218254795207,0.862025,0.00040317452047933244
639,0.6912803689144669,0.690879,0.00040136891446684864
866,0.8606946038183642,0.860294,0.0004006038183641536
181,0.8617402565271001,0.862139,0.0003987434728999206
943,0.6946603194465562,0.695059,0.0003986805534438309
274,0.9,0.899602,0.00039800000000000946
862,0.7935595110000001,0.793162,0.00039751100000007256
695,0.8617402565271001,0.862137,0.00039674347289997414
432,0.9,0.900394,0.00039400000000000546
986,0.8511316738541734,0.850739,0.0003926738541734087
640,0.697162629092875,0.697555,0.0003923709071250725
52,0.8546021371727247,0.854993,0.00039086282727529564
628,0.5594933828666178,0.559884,0.0003906171333822872
659,0.8617402565271001,0.86135,0.00039025652710011904
881,0.86751,0.86712,0.00039000000000000146
229,0.86751,0.867122,0.00038800000000005497
978,0.8616218254795207,0.862009,0.00038717452047931644
778,0.8654084932899899,0.865023,0.0003854932899899355
711,0.9,0.899615,0.0003849999999999687
709,0.9,0.900384,0.00038399999999993994
14,0.8515863351098293,0.851204,0.00038233510982932373
410,0.9,0.900382,0.00038199999999999346
519,0.6980096077869511,0.69839,0.0003803922130488635
264,0.8654084932899899,0.865788,0.0003795067100100802
251,0.9,0.899622,0.00037799999999998946
322,0.8554712251809975,0.855095,0.00037622518099744706
115,0.5594933828666178,0.559868,0.0003746171333822712
942,0.6767824167324301,0.677157,0.0003745832675698946
416,0.86751,0.867136,0.00037399999999998546
632,0.6946603194465562,0.695033,0.0003726805534438604
463,0.8616218254795207,0.861994,0.0003721745204793292
102,0.6907325714402688,0.690361,0.00037157144026878086
134,0.8617402565271001,0.861369,0.0003712565271000168
310,0.9,0.900371,0.0003710000000000102
158,0.8616218254795207,0.861251,0.00037082547952072
691,0.8617402565271001,0.862111,0.0003707434728998926
796,0.8625097890000001,0.86214,0.00036978900000006476
258,0.8938269,0.894196,0.0003691000000000111
793,0.86751,0.867141,0.0003689999999999527
116,0.8515300679545982,0.851899,0.00036893204540178193
588,0.6888125751275412,0.68918,0.000367424872458777
215,0.8567400455270999,0.857106,0.00036595447290010963
1027,0.6841273660449096,0.683763,0.0003643660449096364
287,0.8625097890000001,0.862146,0.00036378900000011427
983,0.9,0.900363,0.0003630000000000022
976,0.6920764835798572,0.692439,0.00036251642014284435
922,0.9,0.899639,0.0003610000000000557
475,0.852512856790115,0.852152,0.00036085679011499394
337,0.6726671938563973,0.673028,0.0003608061436026766
192,0.9,0.899641,0.0003589999999999982
288,0.9,0.899641,0.0003589999999999982
92,0.7290000000000001,0.729359,0.0003589999999998872
745,0.86751,0.867868,0.00035799999999996945
11,0.8625097890000001,0.862867,0.0003572109999999684
622,0.8604952004740306,0.860138,0.00035720047403065003
334,0.8616218254795207,0.861978,0.0003561745204793132
236,0.7290000000000001,0.729355,0.0003549999999998832
1038,0.8239638411000001,0.823609,0.0003548411000000584
725,0.86751,0.867157,0.0003530000000000477
401,0.9,0.900353,0.0003529999999999367
655,0.892730648740149,0.892378,0.0003526487401489531
567,0.8484684123996864,0.848821,0.00035258760031364744
714,0.9,0.900352,0.00035200000000001896
902,0.835642187459838,0.835291,0.00035118745983797606
1031,0.8487340584839185,0.848384,0.0003500584839184473
799,0.8625097890000001,0.862859,0.0003492109999999604
429,0.6946603194465562,0.695009,0.0003486805534438364
773,0.8938269,0.894175,0.00034810000000007335
630,0.8515300679545984,0.851182,0.0003480679545984078
232,0.86751,0.867162,0.00034800000000001496
573,0.687259414043746,0.687607,0.0003475859562539485
358,0.8557154244208189,0.856063,0.00034757557918108084
783,0.8557154244208189,0.856063,0.00034757557918108084
131,0.692931692396608,0.693279,0.0003473076033919664
499,0.8508889422259601,0.851236,0.0003470577740398717
121,0.6920945895179669,0.69244,0.0003454104820331816
583,0.5566801253754343,0.557025,0.00034487462456567197
122,0.6946603194465562,0.694316,0.00034431944655610724
70,0.6875081924769774,0.687852,0.0003438075230226545
247,0.9,0.900342,0.00034199999999995345
920,0.9,0.900342,0.00034199999999995345
71,0.5566801253754343,0.55634,0.0003401253754343747
346,0.7290000000000001,0.72866,0.000340000000000118
1019,0.6678169725458923,0.667478,0.0003389725458923243
68,0.5566801253754343,0.556342,0.0003381253754343172
595,0.6854891413656392,0.685152,0.00033714136563922636
577,0.8546021371727247,0.854266,0.00033613717272473753
224,0.86751,0.867845,0.0003349999999999742
255,0.9,0.900335,0.0003349999999999742
467,0.9,0.900335,0.0003349999999999742
787,0.9,0.900335,0.0003349999999999742
792,0.86751,0.867175,0.0003349999999999742
604,0.8305355041179324,0.830201,0.0003345041179324548
693,0.8617402565271001,0.861406,0.00033425652710006304
494,0.854423272102909,0.854757,0.00033372789709096295
377,0.8511280373510972,0.851461,0.0003329626489028126
654,0.8617402565271001,0.861409,0.0003312565271000878
161,0.8616218254795207,0.861291,0.00033082547952068
254,0.7290000000000001,0.72867,0.0003300000000000525
253,0.9,0.90033,0.00032999999999994145
269,0.8557154244208189,0.856045,0.00032957557918100733
231,0.86751,0.867839,0.0003290000000000237
798,0.8625097890000001,0.862837,0.0003272109999998829
597,0.6915087828944851,0.691182,0.00032678289448517805
296,0.86751,0.867836,0.0003260000000000485
483,0.6903132562417844,0.690639,0.00032574375821559087
323,0.8554712251809975,0.855146,0.00032522518099753484
839,0.8547849659960446,0.85511,0.0003250340039554489
162,0.8654084932899899,0.865085,0.000323493289989929
829,0.8554537578836237,0.855775,0.00032124211637629685
850,0.6752389220772722,0.674918,0.0003209220772721899
182,0.8617402565271001,0.862061,0.00032074347289989813
698,0.8617402565271001,0.86206,0.0003197434728999804
735,0.86751,0.867829,0.0003189999999999582
570,0.8536702904662379,0.853988,0.00031770953376208944
543,0.8604914224801984,0.860809,0.0003175775198016595
575,0.6922277311099071,0.692545,0.00031726889009286996
404,0.9,0.899683,0.0003170000000000117
685,0.8616218254795207,0.861305,0.0003168254795207215
1040,0.7290000000000001,0.728684,0.000316000000000094
383,0.9,0.899684,0.00031599999999998296
493,0.8535490330251344,0.853236,0.00031303302513441267
506,0.8533996286910746,0.853087,0.0003126286910745124
152,0.8617402565271001,0.862052,0.0003117434728999724
760,0.9,0.899689,0.00031100000000006123
462,0.6920764835798572,0.691766,0.00031048357985719033
222,0.8938269,0.893517,0.0003098999999999741
670,0.8663912468411088,0.866701,0.0003097531588912572
872,0.8557154244208189,0.856025,0.00030957557918109835
283,0.8625097890000001,0.862819,0.0003092109999999204
210,0.86751,0.867202,0.00030799999999997496
706,0.9,0.900308,0.00030799999999997496
1018,0.8446016864751971,0.844294,0.0003076864751970776
127,0.6907325714402688,0.690427,0.00030557144026877037
593,0.6767824167324301,0.676477,0.00030541673243011935
702,0.9,0.900304,0.00030399999999997096
806,0.9,0.900303,0.0003029999999999422
30,0.8603899055135701,0.860087,0.0003029055135700398
476,0.8527198276048594,0.852417,0.0003028276048594458
112,0.5594933828666178,0.559795,0.00030161713338228147
907,0.9,0.899699,0.0003009999999999957
523,0.9,0.8997,0.00029999999999996696
63,0.8546021371727247,0.854305,0.0002971371727247263
592,0.6914729352776527,0.69177,0.0002970647223472511
953,0.9,0.900297,0.0002969999999999917
900,0.9,0.899704,0.000296000000000074
73,0.8487755462678733,0.84848,0.0002955462678733145
455,0.9,0.900295,0.0002949999999999342
1017,0.8605514062667914,0.860258,0.00029340626679141835
1028,0.5409317477621728,0.541225,0.00029325223782716847
708,0.9,0.899707,0.0002929999999999877
277,0.86751,0.867218,0.00029199999999995896
803,0.9,0.900292,0.00029199999999995896
812,0.8938269,0.893536,0.00029089999999998284
48,0.6904572709832829,0.690748,0.00029072901671711726
293,0.9,0.89971,0.00029000000000001247
365,0.9,0.900289,0.0002889999999999837
421,0.86751,0.867221,0.0002889999999999837
420,0.86751,0.867797,0.0002870000000000372
555,0.6946322839688347,0.694346,0.00028628396883467744
817,0.7290000000000001,0.729286,0.00028599999999989745
185,0.8617402565271001,0.862026,0.0002857434728998909
810,0.86751,0.867795,0.0002849999999999797
834,0.8537355783857697,0.853451,0.0002845783857697848
7,0.8625097890000001,0.862793,0.0002832109999999499
1029,0.8487340584839185,0.849017,0.0002829415160815474
54,0.8598743892742327,0.860157,0.00028261072576729607
804,0.9,0.900282,0.00028200000000000447
898,0.9,0.899718,0.00028200000000000447
179,0.8617402565271001,0.862022,0.0002817434728998869
550,0.5592703894964594,0.558989,0.00028138949645939437
447,0.9,0.900281,0.0002809999999999757
781,0.8654084932899899,0.865689,0.00028050671001011995
578,0.687259414043746,0.686979,0.0002804140437460134
903,0.86751,0.86723,0.000280000000000058
673,0.8663912468411088,0.866112,0.0002792468411088045
235,0.86751,0.867231,0.0002790000000000292
442,0.9,0.899721,0.0002790000000000292
869,0.6979136786384118,0.698192,0.0002783213615882296
216,0.8614135377401491,0.861136,0.00027753774014904753
934,0.86751,0.867233,0.0002769999999999717
176,0.8617402565271001,0.862017,0.00027674347289996515
336,0.6752389220772722,0.674963,0.00027592207727222817
99,0.8544377648369961,0.854712,0.00027423516300395523
267,0.8654084932899899,0.865135,0.0002734932899899345
1,0.9,0.899727,0.0002729999999999677
243,0.9,0.899728,0.00027200000000005
820,0.9,0.899728,0.00027200000000005
427,0.6946322839688347,0.694904,0.00027171603116527
507,0.6931294937808634,0.692858,0.000271493780863441
83,0.6915087828944851,0.69178,0.0002712171055148094
275,0.9,0.899729,0.0002710000000000212
664,0.892730648740149,0.89246,0.0002706487401489266
187,0.9,0.90027,0.00026999999999999247
845,0.8304533257486385,0.830184,0.0002693257486384715
996,0.5605871088267187,0.560318,0.0002691088267187114
51,0.8462828905748632,0.846014,0.0002688905748631232
388,0.835642187459838,0.835911,0.00026881254016197786
147,0.892730648740149,0.892462,0.0002686487401489801
859,0.8532985134582652,0.85303,0.00026851345826528483
324,0.8554712251809975,0.855203,0.0002682251809974501
86,0.6898399299062644,0.690108,0.0002680700937356395
306,0.9,0.899732,0.000268000000000046
62,0.8518676504154525,0.8516,0.0002676504154525139
106,0.8554712251809975,0.855204,0.00026722518099753234
435,0.9,0.900267,0.0002670000000000172
777,0.86751,0.867243,0.0002670000000000172
273,0.9,0.900266,0.00026599999999998847
895,0.9,0.900266,0.00026599999999998847
537,0.690457270983283,0.690192,0.0002652709832829947
716,0.9,0.900265,0.0002649999999999597
671,0.8663912468411088,0.866656,0.00026475315889118445
646,0.892730648740149,0.892466,0.0002646487401489761
511,0.6980096077869511,0.698274,0.0002643922130488585
505,0.6678169725458923,0.668081,0.0002640274541076959
400,0.9,0.900263,0.0002630000000000132
720,0.9,0.900263,0.0002630000000000132
1034,0.8305355041179324,0.830273,0.0002625041179323828
616,0.6907325714402688,0.690995,0.00026242855973124257
137,0.8617402565271001,0.861478,0.00026225652710010205
930,0.86751,0.867772,0.00026199999999998447
886,0.8625097890000001,0.862248,0.0002617890000000678
767,0.9,0.900261,0.0002609999999999557
294,0.8938269,0.893566,0.00026090000000000835
318,0.8554537578836237,0.855193,0.0002607578836236746
268,0.8654084932899899,0.865669,0.00026050671001009995
387,0.8354172901181196,0.835157,0.00026029011811956604
419,0.86751,0.86725,0.000260000000000038
199,0.9,0.90026,0.00025999999999992696
441,0.9,0.899741,0.0002590000000000092
17,0.8524163839299789,0.852158,0.00025838392997890036
398,0.9,0.900258,0.00025799999999998047
717,0.9,0.899742,0.00025799999999998047
183,0.8617402565271001,0.861997,0.00025674347289994515
516,0.8244653982048054,0.824721,0.00025560179519468207
352,0.8606946038183642,0.86095,0.00025539618163583633
936,0.86751,0.867255,0.0002550000000000052
544,0.8603899055135701,0.860135,0.0002549055135701028
621,0.6907325714402688,0.690478,0.0002545714402687471
349,0.7396220162357102,0.739368,0.00025401623571019716
61,0.6922277311099071,0.692481,0.000253268890092917
641,0.6907325714402688,0.690985,0.00025242855973117706
34,0.6894387226703449,0.689187,0.0002517226703449005
734,0.8938269,0.894078,0.0002511000000000596
581,0.8355338478178148,0.835283,0.00025084781781481436
667,0.8617402565271001,0.861991,0.00025074347289988363
611,0.8600695866821902,0.86032,0.00025041331780972786
330,0.8336282988608299,0.83338,0.0002482988608298875
788,0.9,0.899752,0.000248000000000026
150,0.892730648740149,0.892483,0.00024764874014893135
443,0.9,0.899753,0.0002469999999999972
171,0.8616218254795207,0.861375,0.000246825479520707
935,0.86751,0.867756,0.00024599999999996847
952,0.9,0.900246,0.00024599999999996847
474,0.8522385879528203,0.852484,0.0002454120471797605
917,0.9,0.900245,0.0002449999999999397
876,0.6980096077869511,0.698254,0.00024439221304894954
196,0.9,0.900243,0.00024299999999999322
1039,0.86751,0.867753,0.00024299999999999322
325,0.8547849659960446,0.854542,0.00024296599604456404
440,0.9,0.899758,0.0002420000000000755
206,0.9,0.900242,0.00024199999999996447
675,0.8616218254795207,0.861381,0.0002408254795207565
65,0.8601205033808472,0.860361,0.00024049661915281906
282,0.8625097890000001,0.86275,0.00024021099999993467
772,0.8938269,0.894067,0.00024009999999996534
607,0.8516542344521784,0.851894,0.0002397655478216798
882,0.8239638411000001,0.824202,0.00023815889999989626
424,0.86751,0.867275,0.00023499999999998522
761,0.9,0.900235,0.00023499999999998522
594,0.6854891413656392,0.685724,0.00023485863436079057
520,0.8305355041179324,0.830301,0.00023450411793246584
114,0.5594933828666178,0.559259,0.0002343828666178105
195,0.9,0.900232,0.00023200000000000998
256,0.9,0.899768,0.00023200000000000998
971,0.9,0.900232,0.00023200000000000998
261,0.8938269,0.893595,0.0002318999999999516
979,0.8544197561665412,0.854651,0.00023124383345884958
368,0.8239638411000001,0.824195,0.000231158899999917
452,0.9,0.900231,0.00023099999999998122
757,0.9,0.900231,0.00023099999999998122
758,0.9,0.900231,0.00023099999999998122
909,0.9,0.900231,0.00023099999999998122
682,0.8557154244208189,0.855946,0.0002305755791810471
832,0.8554537578836237,0.855684,0.00023024211637634462
426,0.86751,0.867281,0.00022900000000003473
762,0.9,0.899771,0.00022900000000003473
521,0.6912536992397704,0.691025,0.0002286992397704246
536,0.690457270983283,0.690229,0.00022827098328304096
648,0.8617402565271001,0.861512,0.00022825652710012356
722,0.86751,0.867735,0.00022500000000003073
766,0.8625097890000001,0.862287,0.00022278900000005653
1020,0.8534057160100189,0.853183,0.0002227160100188863
23,0.6904572709832829,0.690235,0.00022227098328286843
270,0.9,0.899778,0.00022200000000005549
860,0.7290000000000001,0.729221,0.0002209999999999157
6,0.8625097890000001,0.862289,0.00022078900000011004
26,0.8529454108213282,0.853166,0.00022058917867173733
538,0.6946322839688347,0.694412,0.00022028396883466694
286,0.8625097890000001,0.862729,0.00021921099999988591
853,0.8616218254795207,0.861403,0.000218825479520679
141,0.892730648740149,0.892512,0.0002186487401489856
411,0.9,0.899782,0.00021800000000005149
771,0.9,0.900218,0.00021799999999994046
528,0.8515863351098291,0.851369,0.00021733510982901993
825,0.9,0.900217,0.00021700000000002273
200,0.9,0.900216,0.00021599999999999397
847,0.6652889362893711,0.665073,0.0002159362893711103
972,0.8532681120558194,0.853484,0.00021588794418059276
893,0.8567400455270999,0.856954,0.00021395447290006864
746,0.86751,0.867297,0.00021300000000001873
951,0.9,0.899787,0.00021300000000001873
366,0.86751,0.867298,0.00021199999999998997
1030,0.8244653982048054,0.824254,0.00021139820480531313
380,0.8625097890000001,0.862721,0.0002112109999998779
1035,0.6912586299681154,0.691469,0.00021037003188462133
67,0.8355338478178148,0.835324,0.00020984781781485662
959,0.9,0.900208,0.00020799999999998597
620,0.8554712251809975,0.855679,0.00020777481900247086
221,0.86751,0.867303,0.00020699999999995722
284,0.8625097890000001,0.862303,0.00020678900000004052
343,0.824402250258673,0.824609,0.00020674974132706136
194,0.9,0.899794,0.00020600000000003948
413,0.9,0.899795,0.00020500000000001073
345,0.8532985134582654,0.853503,0.00020448654173466085
906,0.9,0.899798,0.00020200000000003548
912,0.9,0.900202,0.00020199999999992446
371,0.8511272711312912,0.851329,0.00020172886870883922
636,0.6946603194465562,0.694862,0.00020168055344382818
332,0.8473185455408176,0.847117,0.0002015455408176381
836,0.8554712251809975,0.85527,0.00020122518099752185
402,0.9,0.899799,0.00020100000000000673
497,0.8625097890000001,0.86231,0.00019978900000006128
457,0.9,0.900199,0.00019899999999994922
966,0.9,0.900199,0.00019899999999994922
110,0.8576053326500692,0.857804,0.00019866734993079227
79,0.6767824167324301,0.676981,0.0001985832675699406
1008,0.854423272102909,0.854225,0.00019827210290901398
877,0.8616218254795207,0.86182,0.00019817452047932171
314,0.9,0.900196,0.00019599999999997397
999,0.8616218254795207,0.861426,0.00019582547952068374
191,0.9,0.900195,0.00019499999999994522
802,0.9,0.900195,0.00019499999999994522
495,0.8535490330251344,0.853744,0.00019496697486554027
355,0.6979136786384118,0.698108,0.00019432136158814561
93,0.8516542344521782,0.85146,0.00019423445217825464
386,0.9,0.899807,0.00019299999999999873
789,0.9,0.899807,0.00019299999999999873
21,0.8543952077985602,0.854203,0.00019220779856010672
950,0.9,0.900192,0.00019199999999996997
459,0.8544154118269841,0.854224,0.0001914118269841225
75,0.6767824167324301,0.676973,0.0001905832675699326
835,0.8554712251809975,0.855661,0.00018977481900250837
665,0.8617402565271001,0.86193,0.0001897434728999059
635,0.6920945895179669,0.692284,0.0001894104820331366
329,0.8213443657893471,0.821155,0.0001893657893471401
417,0.86751,0.867699,0.00018899999999999473
227,0.8305355041179324,0.830724,0.00018849588206759638
656,0.892730648740149,0.892918,0.00018735125985103185
634,0.6946603194465562,0.694847,0.00018668055344384094
572,0.687259414043746,0.687445,0.00018558595625395302
364,0.6852288197134568,0.685413,0.00018418028654321184
891,0.8511280373510972,0.850944,0.00018403735109717712
894,0.8625097890000001,0.862326,0.00018378900000004528
169,0.8557154244208189,0.855899,0.00018357557918102785
342,0.6931294937808634,0.692946,0.00018349378086346402
678,0.8557154244208189,0.855532,0.00018342442081897836
280,0.86751,0.867693,0.00018300000000004424
433,0.9,0.899817,0.00018300000000004424
828,0.9,0.899817,0.00018300000000004424
202,0.9,0.900183,0.00018299999999993322
919,0.9,0.900183,0.00018299999999993322
333,0.6652889362893711,0.665106,0.00018293628937116058
998,0.8568194140837498,0.856637,0.00018241408374986
219,0.8938269,0.894008,0.00018110000000004511
703,0.9,0.90018,0.00017999999999995797
8,0.9,0.899821,0.00017900000000004024
165,0.8654084932899899,0.865587,0.00017850671001007345
484,0.8568194140837498,0.856641,0.000178414083749856
203,0.9,0.899822,0.00017800000000001148
408,0.9,0.900178,0.00017800000000001148
759,0.9,0.899822,0.00017800000000001148
814,0.86751,0.867688,0.00017800000000001148
1023,0.6897849314389616,0.689608,0.0001769314389615806
108,0.8604952004740306,0.860672,0.00017679952596938442
645,0.692931692396608,0.692755,0.0001766923966080025
736,0.8938269,0.894003,0.00017610000000001236
1013,0.8508889422259601,0.851065,0.00017605777403983947
547,0.5592703894964594,0.559095,0.00017538949645934387
468,0.86751,0.867685,0.00017500000000003624
960,0.9,0.900174,0.00017400000000000748
830,0.8554537578836237,0.855627,0.00017324211637637088
927,0.9,0.899828,0.000172000000000061
589,0.6767824167324301,0.676611,0.00017141673243015187
197,0.9,0.90017,0.00017000000000000348
316,0.8554537578836237,0.855284,0.00016975788362361133
574,0.6767824167324301,0.676613,0.00016941673243009436
602,0.848667180963754,0.848836,0.00016881903624599293
107,0.6907325714402688,0.690564,0.00016857144026882764
166,0.8654084932899899,0.865577,0.00016850671001011897
362,0.6980096077869511,0.698178,0.00016839221304887353
135,0.892730648740149,0.892899,0.0001683512598510406
533,0.8603899055135701,0.860558,0.0001680944864299594
395,0.9,0.900168,0.00016799999999994597
172,0.8616218254795207,0.861454,0.00016782547952065574
262,0.8938269,0.893994,0.0001670999999999756
713,0.9,0.899833,0.00016700000000002824
731,0.8614135377401491,0.861247,0.0001665377401490753
77,0.6767824167324301,0.676616,0.00016641673243011912
968,0.9,0.899834,0.00016599999999999948
831,0.8537355783857697,0.8539,0.00016442161423024793
805,0.9,0.899836,0.000164000000000053
260,0.86751,0.867674,0.00016399999999994197
743,0.86751,0.867674,0.00016399999999994197
851,0.6726671938563973,0.672831,0.00016380614360267387
539,0.6914703711378798,0.691307,0.0001633711378797864
207,0.86751,0.867347,0.00016300000000002424
940,0.86751,0.867673,0.00016300000000002424
849,0.8557154244208189,0.855877,0.00016157557918106136
304,0.86751,0.867349,0.00016099999999996673
409,0.9,0.899839,0.00016099999999996673
541,0.85366712486158,0.853507,0.00016012486158001327
840,0.9,0.900159,0.00015900000000002024
776,0.8938269,0.893669,0.0001578999999999331
464,0.8616218254795207,0.861464,0.00015782547952070125
341,0.8220556871207814,0.821899,0.00015668712078131808
510,0.8557154244208189,0.855872,0.0001565755791810286
405,0.9,0.900156,0.00015599999999993397
689,0.8617402565271001,0.861896,0.0001557434728999274
629,0.5594933828666178,0.559649,0.00015561713338219096
266,0.8557154244208189,0.85556,0.00015542442081895036
791,0.86751,0.867665,0.00015500000000001624
913,0.9,0.899845,0.00015500000000001624
313,0.9,0.899846,0.00015399999999998748
669,0.8617402565271001,0.861894,0.00015374347289998092
390,0.86751,0.867357,0.00015299999999995872
98,0.8606946038183642,0.860542,0.00015260381836412762
456,0.9,0.900152,0.00015199999999992997
265,0.8654084932899899,0.865257,0.000151493289989868
201,0.9,0.899849,0.00015100000000001224
613,0.8544377648369961,0.854588,0.00015023516300394224
498,0.86751,0.86736,0.00014999999999998348
848,0.8616218254795207,0.861771,0.00014917452047924495
344,0.8544197561665412,0.854271,0.0001487561665411974
677,0.8654084932899899,0.865557,0.00014850671001009896
100,0.8544197561665412,0.854272,0.00014775616654116863
1010,0.8544246030010969,0.854277,0.000147603001096952
391,0.9,0.899853,0.00014700000000000824
285,0.8625097890000001,0.862363,0.00014678900000009154
941,0.6946322839688347,0.694486,0.00014628396883464845
948,0.9,0.900146,0.00014599999999997948
348,0.7935595110000001,0.793705,0.00014548899999988762
1001,0.8514948857053535,0.851639,0.0001441142946465579
815,0.86751,0.867366,0.000144000000000033
653,0.892730648740149,0.892587,0.00014364874014893836
472,0.8511316738541734,0.851275,0.00014332614582657222
997,0.6903132562417844,0.69017,0.00014325624178446184
250,0.9,0.899857,0.00014300000000000423
749,0.86751,0.867367,0.00014300000000000423
842,0.9,0.900143,0.00014300000000000423
852,0.6980096077869511,0.698151,0.00014139221304887428
223,0.8938269,0.893968,0.0001411000000000051
205,0.9,0.900141,0.00014099999999994672
437,0.9,0.900141,0.00014099999999994672
755,0.9,0.900141,0.00014099999999994672
854,0.8616218254795207,0.861481,0.0001408254795206565
610,0.8527562610373688,0.852616,0.00014026103736874962
13,0.9,0.90014,0.000140000000000029
751,0.9,0.89986,0.000140000000000029
569,0.8537145467833149,0.853575,0.00013954678331495884
471,0.8533100206447828,0.853171,0.00013902064478277243
871,0.8616218254795207,0.861483,0.00013882547952071
276,0.86751,0.867372,0.00013799999999997148
1009,0.8535490330251341,0.853687,0.0001379669748658996
524,0.8239638411000001,0.823827,0.00013684110000011795
297,0.8938269,0.893963,0.00013609999999997235
479,0.8616218254795207,0.861486,0.00013582547952073476
212,0.86751,0.867375,0.00013499999999999623
373,0.8567400455270999,0.856875,0.0001349544729001284
650,0.892730648740149,0.892596,0.00013464874014901262
672,0.8616218254795207,0.861756,0.0001341745204792577
209,0.86751,0.867643,0.00013300000000004975
246,0.9,0.899867,0.00013300000000004975
428,0.6767824167324301,0.67665,0.00013241673243014063
737,0.8938269,0.893958,0.00013110000000005062
823,0.9,0.899869,0.00013099999999999223
883,0.9,0.899869,0.00013099999999999223
993,0.8616218254795207,0.861491,0.000130825479520702
765,0.9,0.89987,0.0001300000000000745
769,0.9,0.90013,0.00012999999999996348
320,0.8537355783857697,0.853606,0.00012957838576976854
399,0.9,0.900129,0.00012899999999993472
72,0.5566801253754343,0.556809,0.000128874624565678
466,0.8544197561665412,0.854548,0.00012824383345877433
956,0.9,0.899873,0.00012699999999998823
1032,0.8305355041179324,0.830409,0.00012650411793246885
614,0.8544197561665412,0.854546,0.00012624383345882784
394,0.9,0.899874,0.0001260000000000705
946,0.9,0.899874,0.0001260000000000705
774,0.86751,0.867384,0.00012599999999995948
22,0.6904572709832829,0.690332,0.0001252709832829657
738,0.86751,0.867634,0.000124000000000013
503,0.8605514062667914,0.860428,0.00012340626679141486
9,0.86751,0.867633,0.00012299999999998423
211,0.86751,0.867633,0.00012299999999998423
838,0.8554712251809975,0.855594,0.00012277481900246912
542,0.690457270983283,0.690335,0.00012227098328299046
233,0.7290000000000001,0.729122,0.00012199999999995548
1037,0.9,0.899879,0.00012100000000003774
307,0.9,0.900121,0.00012099999999992672
407,0.9,0.900121,0.00012099999999992672
508,0.5653877823074304,0.565508,0.00012021769256964632
818,0.86751,0.867391,0.00011899999999998023
552,0.6897849314389616,0.689666,0.0001189314389615781
363,0.8616218254795207,0.861504,0.00011782547952066125
478,0.8606946038183642,0.860577,0.00011760381836412037
359,0.6874515626317361,0.687334,0.00011756263173612336
559,0.6897520307406036,0.689636,0.00011603074060362317
723,0.86751,0.867625,0.00011499999999997623
651,0.8617402565271001,0.861626,0.00011425652710006506
80,0.6854891413656392,0.685375,0.00011414136563925315
431,0.9,0.899886,0.0001140000000000585
905,0.9,0.900114,0.00011399999999994748
548,0.6894387226703449,0.689326,0.00011272267034490024
660,0.892730648740149,0.892619,0.00011164874014890636
139,0.892730648740149,0.892842,0.00011135125985106686
551,0.851158916876969,0.851048,0.00011091687696895836
226,0.8305355041179324,0.830425,0.00011050411793245285
657,0.8617402565271001,0.86163,0.00011025652710006106
887,0.8567400455270999,0.85663,0.00011004552709992232
1012,0.86751,0.86762,0.00010999999999994348
549,0.5592703894964594,0.55938,0.00010961050354063584
109,0.8606946038183642,0.860587,0.00010760381836416588
899,0.9,0.899894,0.0001060000000000505
95,0.8554712251809975,0.855577,0.00010577481900253538
492,0.8616035989412981,0.861709,0.00010540105870182614
683,0.8557154244208189,0.85582,0.00010457557918108762
676,0.8654084932899899,0.865304,0.00010449328998995977
889,0.8228696475997362,0.822974,0.00010435240026374082
504,0.8446016864751971,0.844498,0.00010368647519709562
587,0.8487755462678732,0.848879,0.00010345373212683473
57,0.851985077198488,0.851882,0.00010307719848801078
715,0.9,0.900103,0.00010299999999996423
128,0.9,0.900102,0.00010199999999993548
382,0.9,0.900102,0.00010199999999993548
576,0.8518676504154525,0.851766,0.00010165041545251441
841,0.86751,0.867409,0.00010100000000001774
565,0.8462828905748632,0.846182,0.00010089057486317721
47,0.6969158234659918,0.696815,0.00010082346599182834
177,0.8617402565271001,0.86164,0.00010025652710010657
392,0.9,0.8999,9.999999999998899e-5
136,0.892730648740149,0.89283,9.935125985105486e-5
298,0.8938269,0.893728,9.890000000001287e-5
924,0.9,0.899902,9.80000000000425e-5
939,0.86751,0.867608,9.80000000000425e-5
138,0.892730648740149,0.892633,9.764874014894787e-5
809,0.8938269,0.893923,9.610000000004337e-5
257,0.9,0.899904,9.599999999998499e-5
281,0.86751,0.867414,9.599999999998499e-5
482,0.5605871088267187,0.560492,9.510882671870391e-5
910,0.9,0.899905,9.500000000006725e-5
647,0.892730648740149,0.892824,9.335125985099335e-5
933,0.86751,0.867417,9.300000000000974e-5
184,0.8617402565271001,0.861833,9.274347289989215e-5
214,0.8614135377401491,0.861506,9.246225985093393e-5
916,0.9,0.900092,9.199999999998099e-5
154,0.8617402565271001,0.861832,9.174347289997442e-5
775,0.8938269,0.893736,9.090000000000487e-5
994,0.8616035989412981,0.861513,9.059894129814783e-5
531,0.8524163839299791,0.852326,9.038392997906541e-5
96,0.8527562610373688,0.852666,9.026103736875513e-5
234,0.86751,0.8676,9.00000000000345e-5
970,0.9,0.89991,9.00000000000345e-5
957,0.9,0.90009,8.999999999992347e-5
422,0.86751,0.867599,8.900000000000574e-5
712,0.9,0.899913,8.700000000005925e-5
807,0.9,0.899913,8.700000000005925e-5
76,0.6767824167324301,0.676696,8.641673243015013e-5
18,0.8600591369734027,0.859973,8.613697340276172e-5
301,0.86751,0.867596,8.60000000000305e-5
37,0.851158916876969,0.851074,8.491687696898786e-5
167,0.8557154244208189,0.855631,8.442442081890711e-5
808,0.8938269,0.89391,8.310000000000262e-5
674,0.8663912468411088,0.866474,8.275315889116897e-5
633,0.6946603194465562,0.694578,8.231944655612278e-5
321,0.8554712251809975,0.855389,8.222518099754161e-5
327,0.86751,0.867428,8.20000000000265e-5
473,0.6920828504033564,0.692001,8.185040335639826e-5
91,0.6685626221570745,0.668481,8.162215707452347e-5
925,0.9,0.900081,8.099999999999774e-5
666,0.8617402565271001,0.86166,8.025652710008657e-5
496,0.8544246030010969,0.854345,7.960300109688401e-5
42,0.6905993527163814,0.69052,7.935271638137564e-5
719,0.9,0.899921,7.900000000005125e-5
688,0.8557154244208189,0.855637,7.842442081895662e-5
291,0.9,0.899922,7.80000000000225e-5
397,0.9,0.899922,7.80000000000225e-5
724,0.86751,0.867434,7.599999999996498e-5
55,0.8537145467833149,0.85379,7.54532166851174e-5
360,0.822267422375357,0.822192,7.542237535695939e-5
744,0.7290000000000001,0.728926,7.400000000012952e-5
289,0.9,0.900074,7.40000000000185e-5
290,0.9,0.900074,7.40000000000185e-5
915,0.9,0.899926,7.40000000000185e-5
16,0.85366712486158,0.853594,7.312486158006504e-5
237,0.9,0.899927,7.299999999998974e-5
241,0.9,0.900073,7.299999999998974e-5
750,0.7290000000000001,0.729073,7.299999999987872e-5
517,0.8486997801848172,0.848627,7.278018481715609e-5
826,0.9,0.899928,7.2000000000072e-5
393,0.9,0.900072,7.199999999996098e-5
444,0.9,0.900072,7.199999999996098e-5
931,0.86751,0.867438,7.199999999996098e-5
372,0.8625097890000001,0.862438,7.178900000004429e-5
142,0.892730648740149,0.892659,7.164874014897737e-5
637,0.6912803689144669,0.691352,7.163108553309705e-5
50,0.8503858952191865,0.850456,7.01047808134847e-5
534,0.8525917934770141,0.852522,6.979347701407956e-5
58,0.687259414043746,0.68719,6.94140437460522e-5
156,0.8663912468411088,0.866322,6.9246841108761e-5
204,0.9,0.899932,6.8000000000068e-5
384,0.9,0.899932,6.8000000000068e-5
896,0.9,0.899932,6.8000000000068e-5
873,0.6874515626317361,0.687384,6.756263173612886e-5
687,0.8616218254795207,0.861689,6.717452047932948e-5
752,0.9,0.900067,6.699999999992823e-5
186,0.8617402565271001,0.861806,6.574347289989291e-5
220,0.8938269,0.893892,6.510000000004013e-5
790,0.86751,0.867445,6.499999999998174e-5
225,0.8557154244208189,0.85578,6.457557918104762e-5
5,0.86751,0.867574,6.399999999995298e-5
1026,0.8616035989412981,0.86154,6.359894129814858e-5
615,0.6907325714402688,0.690796,6.342855973118233e-5
911,0.9,0.900063,6.299999999992423e-5
245,0.9,0.900062,6.20000000000065e-5
1016,0.86751,0.867572,6.20000000000065e-5
908,0.9,0.899939,6.099999999997774e-5
867,0.8487056328786866,0.848645,6.0632878686628366e-5
522,0.86751,0.86745,5.999999999994898e-5
120,0.6946603194465562,0.694601,5.931944655612753e-5
885,0.8511272711312912,0.851068,5.92711312911165e-5
937,0.86751,0.867451,5.900000000003125e-5
317,0.8537355783857697,0.853677,5.8578385769725294e-5
133,0.892730648740149,0.892789,5.8351259851097126e-5
600,0.6898399299062645,0.689898,5.8070093735484996e-5
928,0.9,0.900058,5.8000000000002494e-5
697,0.8617402565271001,0.861683,5.7256527100091326e-5
795,0.86751,0.867567,5.699999999997374e-5
962,0.9,0.899943,5.699999999997374e-5
375,0.8228696475997362,0.822813,5.6647599736225906e-5
980,0.8544197561665412,0.854476,5.624383345881334e-5
938,0.86751,0.867566,5.599999999994498e-5
103,0.6946603194465562,0.694716,5.56805534438487e-5
66,0.8537145467833149,0.85377,5.5453216685097395e-5
87,0.8616218254795207,0.861676,5.4174520479288724e-5
888,0.8625097890000001,0.862457,5.2789000000053043e-5
481,0.6894166558218805,0.689364,5.265582188052065e-5
36,0.5592703894964592,0.559218,5.238949645924862e-5
69,0.5566801253754343,0.556732,5.187462456568426e-5
146,0.892730648740149,0.892679,5.164874014895737e-5
2,0.892730648740149,0.892782,5.135125985100686e-5
967,0.9,0.900051,5.100000000002325e-5
991,0.691181116722274,0.691232,5.088327772595491e-5
596,0.6854891413656392,0.68554,5.08586343608286e-5
605,0.6685626221570745,0.668512,5.0622157074520224e-5
692,0.8617402565271001,0.86169,5.025652710011208e-5
566,0.8546021371727247,0.854552,5.013717272472906e-5
309,0.9,0.89995,4.999999999999449e-5
954,0.9,0.90005,4.999999999999449e-5
159,0.8663912468411088,0.866342,4.9246841108852024e-5
571,0.851985077198488,0.851937,4.807719848798353e-5
609,0.8554712251809975,0.855519,4.777481900253289e-5
663,0.892730648740149,0.892683,4.764874014895337e-5
1000,0.8568194140837498,0.856772,4.741408374986378e-5
753,0.9,0.899953,4.700000000001925e-5
661,0.892730648740149,0.892777,4.6351259851085125e-5
175,0.8617402565271001,0.861694,4.625652710010808e-5
662,0.8617402565271001,0.861694,4.625652710010808e-5
1014,0.8567400455270999,0.856694,4.604552709996934e-5
406,0.9,0.900046,4.599999999999049e-5
446,0.9,0.899954,4.599999999999049e-5
448,0.9,0.899954,4.599999999999049e-5
696,0.8617402565271001,0.861785,4.474347289995517e-5
545,0.8575707209491786,0.857526,4.472094917862268e-5
305,0.86751,0.867554,4.4000000000044004e-5
822,0.9,0.900044,4.399999999993298e-5
684,0.8616218254795207,0.861578,4.3825479520753774e-5
626,0.5594933828666178,0.559537,4.3617133382189976e-5
958,0.9,0.900043,4.300000000001525e-5
530,0.85366712486158,0.85371,4.287513841993995e-5
797,0.8625097890000001,0.862467,4.2789000000098554e-5
694,0.8617402565271001,0.861783,4.274347289989766e-5
598,0.687259414043746,0.687302,4.258595625394879e-5
312,0.9,0.899959,4.100000000006876e-5
434,0.9,0.899959,4.100000000006876e-5
469,0.9,0.900041,4.099999999995774e-5
252,0.8625097890000001,0.862469,4.078900000004104e-5
865,0.5904900000000002,0.59045,4.0000000000151026e-5
369,0.9,0.90004,3.999999999992898e-5
619,0.8533297708577686,0.853369,3.922914223142282e-5
754,0.9,0.900039,3.900000000001125e-5
855,0.8220556871207814,0.822094,3.831287921862714e-5
985,0.8533100206447828,0.853272,3.802064478275469e-5
160,0.8663912468411088,0.866428,3.675315889117847e-5
46,0.6897520307406035,0.689716,3.6030740603543165e-5
955,0.9,0.900035,3.500000000000725e-5
982,0.86751,0.867475,3.500000000000725e-5
618,0.692931692396608,0.692897,3.469239660802703e-5
489,0.8606946038183642,0.86066,3.460381836417614e-5
168,0.8557154244208189,0.855682,3.342442081888386e-5
780,0.8557154244208189,0.855682,3.342442081888386e-5
704,0.9,0.899967,3.300000000006076e-5
308,0.9,0.899968,3.2000000000032e-5
718,0.9,0.900032,3.2000000000032e-5
932,0.86751,0.867542,3.2000000000032e-5
249,0.9,0.900031,3.100000000000325e-5
557,0.6946322839688347,0.694602,3.028396883464346e-5
367,0.86751,0.86754,2.999999999997449e-5
353,0.8487056328786866,0.848676,2.963287868662512e-5
623,0.8606946038183642,0.860665,2.9603818364143386e-5
945,0.9,0.899971,2.9000000000056758e-5
756,0.9,0.900028,2.8000000000028002e-5
33,0.5592703894964592,0.559298,2.7610503540720366e-5
947,0.9,0.900027,2.6999999999999247e-5
59,0.687259414043746,0.687286,2.6585956253932785e-5
631,0.6898399299062645,0.689865,2.5070093735424237e-5
278,0.86751,0.867534,2.4000000000024002e-5
20,0.8525917934770141,0.852568,2.379347701408907e-5
126,0.697162629092875,0.697139,2.362909287501047e-5
485,0.8616218254795207,0.861645,2.3174520479285476e-5
584,0.6875081924769774,0.687531,2.2807523022638776e-5
173,0.8616218254795207,0.861644,2.217452047925672e-5
445,0.9,0.899978,2.2000000000077513e-5
53,0.8484684123996864,0.848447,2.1412399686449035e-5
904,0.86751,0.867489,2.1000000000048757e-5
130,0.6922277311099071,0.692248,2.0268890092878245e-5
381,0.9,0.90002,2.0000000000020002e-5
949,0.9,0.90002,2.0000000000020002e-5
1002,0.8616218254795207,0.861602,1.9825479520729772e-5
271,0.9,0.900019,1.8999999999991246e-5
816,0.86751,0.867529,1.8999999999991246e-5
821,0.9,0.899982,1.8000000000073513e-5
230,0.7290000000000001,0.729018,1.799999999996249e-5
1011,0.8625097890000001,0.862492,1.7789000000045796e-5
149,0.892730648740149,0.892713,1.764874014897888e-5
488,0.8616218254795207,0.861639,1.7174520479334987e-5
357,0.8616218254795207,0.861605,1.6825479520754527e-5
554,0.6946322839688347,0.694616,1.628396883468497e-5
239,0.9,0.900016,1.6000000000016e-5
819,0.86751,0.867526,1.6000000000016e-5
897,0.9,0.900016,1.6000000000016e-5
846,0.8473185455408176,0.847303,1.5545540817618608e-5
3,0.892730648740149,0.892746,1.5351259851081878e-5
733,0.8938269,0.893812,1.4899999999928859e-5
244,0.9,0.900014,1.399999999995849e-5
525,0.86751,0.867496,1.399999999995849e-5
430,0.9,0.899987,1.3000000000040757e-5
1006,0.8616035989412981,0.861591,1.2598941298125332e-5
926,0.9,0.899988,1.2000000000012001e-5
143,0.8617402565271001,0.861752,1.1743472899894414e-5
617,0.6946603194465562,0.694649,1.1319446556190549e-5
699,0.8617402565271001,0.861729,1.1256527100100833e-5
585,0.5566801253754343,0.556669,1.1125375434350993e-5
311,0.9,0.900011,1.0999999999983245e-5
563,0.9,0.899989,1.0999999999983245e-5
1005,0.8514948857053535,0.851505,1.0114294646479394e-5
707,0.9,0.89999,1.0000000000065512e-5
1015,0.8411931,0.841184,9.09999999998412e-6
425,0.86751,0.867502,8.000000000008e-6
728,0.8614135377401491,0.861421,7.462259850932185e-6
374,0.8625097890000001,0.862517,7.2109999998959395e-6
379,0.8567400455270999,0.856733,7.045527099958093e-6
864,0.7290000000000001,0.728993,7.000000000090267e-6
624,0.8576053326500692,0.857612,6.667349930822297e-6
514,0.5409317477621728,0.540938,6.2522378272422685e-6
88,0.848667180963754,0.848673,5.8190362459686895e-6
921,0.9,0.900004,4.000000000004e-6
944,0.9,0.899996,4.000000000004e-6
582,0.5566801253754343,0.556677,3.125375434342992e-6
418,0.86751,0.867507,2.9999999999752447e-6
155,0.8617402565271001,0.861743,2.7434728999686797e-6
189,0.9,0.899998,2.0000000000575113e-6
436,0.9,0.900002,1.999999999946489e-6
644,0.6922277311099071,0.692226,1.7311099070882463e-6
302,0.86751,0.867509,1.0000000000287557e-6
144,0.8617402565271001,0.861741,7.434728999111684e-7
163,0.8654084932899899,0.865408,4.932899899667831e-7
