node_id,ipa_result,mc_10k,abs_error_10k,mc_100k,abs_error_100k,mc_1m,abs_error_1m
1,0.895600925,0.8904,0.005200925,0.895582,1.89E-05,0.895056,
2,0.543518825,0.5391,0.004418825,0.543576,5.72E-05,0.543199,
3,0.432470431,0.4256,0.006870431,0.432593,0.000122569,0.432872,
4,0.27013285,0.262,0.00813285,0.270039,9.39E-05,0.270577,
5,0.372895842,0.3693,0.003595842,0.372544,0.000351842,0.371851,
6,0.404918955,0.4016,0.003318955,0.40458,0.000338955,0.404416,
7,0.913289908,0.9142,0.000910092,0.913285,4.91E-06,0.91315,
8,0.690910511,0.6935,0.002589489,0.691116,0.000205489,0.691767,
9,0.473313074,0.4754,0.002086926,0.473927,0.000613926,0.474505,
10,0.578051956,0.5814,0.003348044,0.578474,0.000422044,0.577963,
11,0.563945822,0.5702,0.006254178,0.564343,0.000397178,0.564525,
12,0.491286918,0.4932,0.001913082,0.491149,0.000137918,0.491865,
13,0.556475788,0.5489,0.007575788,0.555629,0.000846788,0.555871,
14,0.528078006,0.5196,0.008478006,0.527716,0.000362006,0.528809,
15,0.576080547,0.564,0.012080547,0.574985,0.001095547,0.576217,
16,0.75234596,0.7476,0.00474596,0.751877,0.00046896,0.752591,
17,0.584952349,0.5774,0.007552349,0.584896,5.63E-05,0.585857,
18,0.905335568,0.8983,0.007035568,0.904693,0.000642568,0.905175,
19,0.460424624,0.4673,0.006875376,0.460815,0.000390376,0.461592,
20,0.292259813,0.2968,0.004540187,0.292364,0.000104187,0.293042,
21,0.437418272,0.4332,0.004218272,0.437774,0.000355728,0.43815,
22,0.508544479,0.5144,0.005855521,0.508938,0.000393521,0.509423,
23,0.37210583,0.3723,0.00019417,0.372311,0.00020517,0.372145,
24,0.322351604,0.3313,0.008948396,0.323008,0.000656396,0.322597,
25,0.209381684,0.2168,0.007418316,0.209995,0.000613316,0.209359,
26,0.157864819,0.165,0.007135181,0.158329,0.000464181,0.158138,
27,0.127400537,0.1341,0.006699463,0.127812,0.000411463,0.127666,
28,0.175745955,0.183,0.007254045,0.176328,0.000582045,0.175777,
29,0.177279577,0.1817,0.004420423,0.177824,0.000544423,0.17732,
30,0.273879365,0.2726,0.001279365,0.274165,0.000285635,0.273938,
31,0.216711576,0.2127,0.004011576,0.217078,0.000366424,0.216841,
32,0.146943239,0.1446,0.002343239,0.147338,0.000394761,0.147305,
33,0.230789137,0.2317,0.000910863,0.231392,0.000602863,0.231124,
34,0.22151482,0.2224,0.00088518,0.222038,0.00052318,0.221757,
35,0.167811796,0.1613,0.006511796,0.167985,0.000173204,0.168285,
36,0.505614605,0.4982,0.007414605,0.505281,0.000333605,0.505783,
37,0.487113918,0.4909,0.003786082,0.487414,0.000300082,0.486191,
38,0.61833028,0.6108,0.00753028,0.6182,0.00013028,0.618124,
39,0.609795637,0.6043,0.005495637,0.609479,0.000316637,0.609189,
40,0.501479392,0.4953,0.006179392,0.500797,0.000682392,0.500721,
41,0.858840047,0.8579,0.000940047,0.858959,0.000118953,0.859135,
42,0.169575453,0.172,0.002424547,0.169969,0.000393547,0.169703,
43,0.127838363,0.1307,0.002861637,0.127925,8.66E-05,0.128336,
44,0.360077968,0.3599,0.000177968,0.360378,0.000300032,0.359504,
45,0.306146825,0.3031,0.003046825,0.306511,0.000364175,0.305273,
46,0.236895773,0.2353,0.001595773,0.237093,0.000197227,0.235852,
47,0.221888527,0.2191,0.002788527,0.221939,5.05E-05,0.220961,
48,0.163244558,0.1606,0.002644558,0.163561,0.000316442,0.16271,
49,0.095800267,0.0955,0.000300267,0.095999,0.000198733,0.095622,
50,0.066756472,0.0661,0.000656472,0.067025,0.000268528,0.066881,
51,0.107390052,0.104,0.003390052,0.107794,0.000403948,0.106998,
52,0.137171501,0.1334,0.003771501,0.137602,0.000430499,0.136771,
53,0.168081954,0.1682,0.000118046,0.168276,0.000194046,0.167038,
54,0.12420982,0.1267,0.00249018,0.124311,0.00010118,0.12363,
55,0.08338685,0.0867,0.00331315,0.083531,0.00014415,0.082999,
56,0.154361497,0.1547,0.000338503,0.154617,0.000255503,0.153714,
57,0.162032289,0.1634,0.001367711,0.162469,0.000436711,0.161167,
58,0.099973428,0.1027,0.002726572,0.099995,2.16E-05,0.099342,
59,0.382704441,0.3902,0.007495559,0.383238,0.000533559,0.383334,
60,0.527781068,0.5319,0.004118932,0.528314,0.000532932,0.527458,
61,0.57905262,0.5881,0.00904738,0.57985,0.00079738,0.579816,
62,0.63080387,0.643,0.01219613,0.631716,0.00091213,0.630923,
63,0.494086399,0.5027,0.008613601,0.494136,4.96E-05,0.493768,
64,0.813302419,0.8198,0.006497581,0.81388,0.000577581,0.813357,
65,0.118944962,0.123,0.004055038,0.11921,0.000265038,0.11834,
66,0.074539636,0.075,0.000460364,0.074956,0.000416364,0.074067,
67,0.461518996,0.4676,0.006081004,0.461927,0.000408004,0.46119,
68,0.364681556,0.3703,0.005618444,0.364972,0.000290444,0.36407,
69,0.264537036,0.2649,0.000362964,0.264384,0.000153036,0.264084,
70,0.256136014,0.2593,0.003163986,0.256456,0.000319986,0.256149,
71,0.218228313,0.2225,0.004271687,0.218749,0.000520687,0.218319,
72,0.176555873,0.1782,0.001644127,0.177067,0.000511127,0.1764,
73,0.125171762,0.1284,0.003228238,0.125562,0.000390238,0.125199,
74,0.150552635,0.1543,0.003747365,0.150724,0.000171365,0.15066,
75,0.135458674,0.1395,0.004041326,0.136,0.000541326,0.135334,
76,0.18005885,0.1777,0.00235885,0.179867,0.00019185,0.179773,
77,0.116742581,0.1165,0.000242581,0.116616,0.000126581,0.116622,
78,0.088706428,0.0905,0.001793572,0.088179,0.000527428,0.088592,
79,0.200102736,0.2075,0.007397264,0.199878,0.000224736,0.200187,
80,0.157216736,0.1585,0.001283264,0.156815,0.000401736,0.157076,
81,0.066764671,0.0663,0.000464671,0.066381,0.000383671,0.066565,
82,0.511800529,0.5157,0.003899471,0.511874,7.35E-05,0.511405,
83,0.613938841,0.6209,0.006961159,0.614254,0.000315159,0.614349,
84,0.700481566,0.7021,0.001618434,0.700903,0.000421434,0.699722,
85,0.73221042,0.7411,0.00888958,0.732955,0.00074458,0.732806,
86,0.606404418,0.6161,0.009695582,0.607187,0.000782582,0.606896,
87,0.909677952,0.915,0.005322048,0.909968,0.000290048,0.909788,
88,0.104680445,0.1093,0.004619555,0.104047,0.000633445,0.104673,
89,0.072156344,0.0752,0.003043656,0.071803,0.000353344,0.072369,
90,0.469294269,0.4728,0.003505731,0.469953,0.000658731,0.469525,
91,0.32488553,0.3285,0.00361447,0.325116,0.00023047,0.325697,
92,0.21999107,0.2246,0.00460893,0.220138,0.00014693,0.220837,
93,0.280984953,0.2889,0.007915047,0.281093,0.000108047,0.281959,
94,0.208077112,0.2117,0.003622888,0.208187,0.000109888,0.209005,
95,0.15538586,0.1574,0.00201414,0.155214,0.00017186,0.156009,
96,0.109701646,0.1102,0.000498354,0.109925,0.000223354,0.110284,
97,0.147081178,0.1525,0.005418822,0.147369,0.000287822,0.148024,
98,0.17893886,0.1811,0.00216114,0.179124,0.00018514,0.179676,
99,0.159565614,0.1604,0.000834386,0.159803,0.000237386,0.159977,
100,0.117446166,0.1183,0.000853834,0.117817,0.000370834,0.117738,
101,0.084643778,0.0851,0.000456222,0.084994,0.000350222,0.084952,
102,0.193447954,0.1985,0.005052046,0.193774,0.000326046,0.193812,
103,0.158301851,0.1599,0.001598149,0.15803,0.000271851,0.158805,
104,0.079644121,0.0784,0.001244121,0.079801,0.000156879,0.080085,
105,0.510636318,0.5179,0.007263682,0.510255,0.000381318,0.510865,
106,0.490846943,0.4876,0.003246943,0.490309,0.000537943,0.49051,
107,0.59968856,0.5984,0.00128856,0.599492,0.00019656,0.59969,
108,0.560370969,0.5483,0.012070969,0.559523,0.000847969,0.559675,
109,0.403843972,0.3898,0.014043972,0.403292,0.000551972,0.402958,
110,0.83828426,0.8351,0.00318426,0.837707,0.00057726,0.838245,
111,0.128602933,0.1286,2.93E-06,0.128402,0.000200933,0.128876,
112,0.100329991,0.0971,0.003229991,0.100061,0.000268991,0.100442,
113,0.395520402,0.3949,0.000620402,0.39507,0.000450402,0.394699,
114,0.320931536,0.3193,0.001631536,0.32105,0.000118464,0.320695,
115,0.23023867,0.2288,0.00143867,0.230449,0.00021033,0.230223,
116,0.874709448,0.8796,0.004890552,0.874526,0.000183448,0.874706,
117,0.753531294,0.7486,0.004931294,0.753806,0.000274706,0.753015,
118,0.895255916,0.8977,0.002444084,0.895302,4.61E-05,0.895589,
119,0.798346978,0.7997,0.001353022,0.798829,0.000482022,0.797702,
120,0.839698314,0.8414,0.001701686,0.840565,0.000866686,0.839519,
121,0.78349013,0.7841,0.00060987,0.783183,0.00030713,0.783837,
122,0.823782361,0.825,0.001217639,0.823942,0.000159639,0.823962,
123,0.856858283,0.8616,0.004741717,0.857541,0.000682717,0.856716,
124,0.876623492,0.888,0.011376508,0.877178,0.000554508,0.875528,
125,0.931881694,0.9368,0.004918306,0.9321,0.000218306,0.931787,
126,0.865115408,0.868,0.002884592,0.864472,0.000643408,0.864955,
127,0.883202195,0.8882,0.004997805,0.883029,0.000173195,0.882773,
128,0.852280576,0.8524,0.000119424,0.852504,0.000223424,0.851838,
129,0.880195046,0.8776,0.002595046,0.879924,0.000271046,0.880514,
130,0.939510756,0.9418,0.002289244,0.939545,3.42E-05,0.939349,
131,0.933791958,0.9319,0.001891958,0.933829,3.70E-05,0.933903,
132,0.794618876,0.7927,0.001918876,0.794924,0.000305124,0.794787,
133,0.797483293,0.7958,0.001683293,0.797449,3.43E-05,0.797076,
134,0.835282743,0.8314,0.003882743,0.834614,0.000668743,0.835532,
135,0.914986819,0.9191,0.004113181,0.915076,8.92E-05,0.914722,
136,0.841144244,0.8388,0.002344244,0.841424,0.000279756,0.840869,
137,0.892356698,0.8946,0.002243302,0.891943,0.000413698,0.892425,
138,0.889866268,0.8902,0.000333732,0.890185,0.000318732,0.890079,
139,0.828661002,0.8289,0.000238998,0.827763,0.000898002,0.828628,
140,0.937856906,0.9325,0.005356906,0.937583,0.000273906,0.937774,
141,0.875554533,0.8745,0.001054533,0.875476,7.85E-05,0.875823,
142,0.918093855,0.9148,0.003293855,0.918229,0.000135145,0.917818,
143,0.843221623,0.8448,0.001578377,0.842914,0.000307623,0.84289,
144,0.809975408,0.8163,0.006324592,0.810559,0.000583592,0.809137,
145,0.673543706,0.678,0.004456294,0.673205,0.000338706,0.673657,
146,0.574211029,0.5631,0.011111029,0.574498,0.000286971,0.573907,
147,0.641303651,0.6487,0.007396349,0.641086,0.000217651,0.641383,
148,0.886861482,0.8892,0.002338518,0.887181,0.000319518,0.886356,
149,0.836961938,0.8375,0.000538062,0.83686,0.000101938,0.836884,
150,0.867746615,0.867,0.000746615,0.867967,0.000220385,0.867617,
151,0.900722281,0.8999,0.000822281,0.900751,2.87E-05,0.900577,
152,0.773351759,0.7692,0.004151759,0.772833,0.000518759,0.773119,
153,0.865120076,0.8724,0.007279924,0.865175,5.49E-05,0.864844,
154,0.875620407,0.8792,0.003579593,0.875868,0.000247593,0.87529,
155,0.797793997,0.7966,0.001193997,0.797734,6.00E-05,0.797176,
156,0.875361136,0.8796,0.004238864,0.875041,0.000320136,0.874913,
157,0.821045367,0.8211,5.46E-05,0.820607,0.000438367,0.820886,
158,0.829546816,0.8274,0.002146816,0.828442,0.001104816,0.829686,
159,0.85038647,0.8502,0.00018647,0.850089,0.00029747,0.850025,
160,0.830089294,0.828,0.002089294,0.830353,0.000263706,0.830409,
161,0.790547788,0.7899,0.000647788,0.790151,0.000396788,0.79063,
162,0.836215848,0.8351,0.001115848,0.836391,0.000175152,0.83582,
163,0.836361392,0.8366,0.000238608,0.836948,0.000586608,0.83566,
164,0.914892023,0.9155,0.000607977,0.914964,7.20E-05,0.915045,
165,0.840018607,0.8343,0.005718607,0.84012,0.000101393,0.839695,
166,0.810382568,0.8116,0.001217432,0.809971,0.000411568,0.810543,
167,0.885392989,0.8931,0.007707011,0.885463,7.00E-05,0.885511,
168,0.935826236,0.9375,0.001673764,0.935491,0.000335236,0.935484,
169,0.801697754,0.8015,0.000197754,0.801299,0.000398754,0.801616,
170,0.857906451,0.8588,0.000893549,0.858007,0.000100549,0.857532,
171,0.892462583,0.8973,0.004837417,0.892413,4.96E-05,0.893209,
172,0.844007448,0.8458,0.001792552,0.843807,0.000200448,0.843908,
173,0.903681877,0.9012,0.002481877,0.903772,9.01E-05,0.903621,
174,0.470418214,0.4743,0.003881786,0.469671,0.000747214,0.470114,
175,0.323844896,0.3169,0.006944896,0.32372,0.000124896,0.324092,
176,0.47164721,0.4823,0.01065279,0.471652,4.79E-06,0.471569,
177,0.804014212,0.7951,0.008914212,0.80395,6.42E-05,0.803729,
178,0.802899278,0.8057,0.002800722,0.802409,0.000490278,0.803786,
179,0.776217675,0.78,0.003782325,0.776771,0.000553325,0.775875,
180,0.729983523,0.7307,0.000716477,0.729489,0.000494523,0.729372,
181,0.794036285,0.7973,0.003263715,0.794289,0.000252715,0.794776,
182,0.847103143,0.8459,0.001203143,0.847211,0.000107857,0.847127,
183,0.784151382,0.7849,0.000748618,0.784292,0.000140618,0.783639,
184,0.758239628,0.7601,0.001860372,0.75797,0.000269628,0.757623,
185,0.794801812,0.7964,0.001598188,0.794195,0.000606812,0.795411,
186,0.827826178,0.8285,0.000673822,0.828373,0.000546822,0.827517,
187,0.866543112,0.8646,0.001943112,0.867241,0.000697888,0.866216,
188,0.787133108,0.7842,0.002933108,0.786827,0.000306108,0.786665,
189,0.811741741,0.8069,0.004841741,0.811171,0.000570741,0.811459,
190,0.79688765,0.7981,0.00121235,0.79685,3.77E-05,0.796991,
191,0.591097625,0.5871,0.003997625,0.590897,0.000200625,0.591641,
192,0.595629452,0.5931,0.002529452,0.595872,0.000242548,0.595031,
193,0.882036066,0.8755,0.006536066,0.881568,0.000468066,0.881976,
194,0.811613773,0.8103,0.001313773,0.811472,0.000141773,0.811962,
195,0.835311196,0.8369,0.001588804,0.834831,0.000480196,0.834542,
196,0.79177978,0.7869,0.00487978,0.791813,3.32E-05,0.79248,
197,0.863091548,0.8549,0.008191548,0.862611,0.000480548,0.862581,
198,0.847082732,0.8428,0.004282732,0.847226,0.000143268,0.84677,
199,0.885575178,0.8823,0.003275178,0.885403,0.000172178,0.885327,
200,0.844819702,0.8448,1.97E-05,0.845169,0.000349298,0.845065,
201,0.80551397,0.8015,0.00401397,0.805271,0.00024297,0.804503,
202,0.797867008,0.8012,0.003332992,0.797568,0.000299008,0.79763,
203,0.325922732,0.3269,0.000977268,0.325228,0.000694732,0.325292,
204,0.210516236,0.207,0.003516236,0.210717,0.000200764,0.210561,
205,0.357643491,0.3627,0.005056509,0.357056,0.000587491,0.357801,
206,0.849027458,0.8488,0.000227458,0.848476,0.000551458,0.849003,
207,0.688218765,0.6944,0.006181235,0.687728,0.000490765,0.688631,
208,0.828890449,0.8281,0.000790449,0.829187,0.000296551,0.829246,
209,0.901531845,0.901,0.000531845,0.901263,0.000268845,0.901354,
210,0.785053443,0.7812,0.003853443,0.785442,0.000388557,0.784898,
211,0.848911787,0.8456,0.003311787,0.849076,0.000164213,0.849059,
212,0.764687158,0.761,0.003687158,0.765209,0.000521842,0.764943,
213,0.79651622,0.7914,0.00511622,0.796034,0.00048222,0.797178,
214,0.828577903,0.8283,0.000277903,0.827856,0.000721903,0.828202,
215,0.883284094,0.8828,0.000484094,0.883028,0.000256094,0.883079,
216,0.838123681,0.8391,0.000976319,0.837981,0.000142681,0.838473,
217,0.884431406,0.8848,0.000368594,0.884272,0.000159406,0.884057,
218,0.764995951,0.7685,0.003504049,0.764673,0.000322951,0.765411,
219,0.775525548,0.7808,0.005274452,0.775005,0.000520548,0.775531,
220,0.464513708,0.4657,0.001186292,0.463665,0.000848708,0.463762,
221,0.484684781,0.4814,0.003284781,0.483971,0.000713781,0.484204,
222,0.79867837,0.7996,0.00092163,0.798539,0.00013937,0.799175,
223,0.928408111,0.9341,0.005691889,0.928763,0.000354889,0.928815,
224,0.911925515,0.912,7.45E-05,0.911979,5.35E-05,0.912206,
225,0.84225138,0.8406,0.00165138,0.841875,0.00037638,0.841768,
226,0.84664579,0.8439,0.00274579,0.847019,0.00037321,0.846827,
227,0.92884457,0.9289,5.54E-05,0.928997,0.00015243,0.929032,
228,0.850621555,0.8498,0.000821555,0.850614,7.55E-06,0.850415,
229,0.881877543,0.8799,0.001977543,0.881936,5.85E-05,0.881936,
230,0.840135371,0.838,0.002135371,0.839378,0.000757371,0.839859,
231,0.891604287,0.8867,0.004904287,0.890984,0.000620287,0.891968,
232,0.210292102,0.2113,0.001007898,0.209831,0.000461102,0.209942,
233,0.161884775,0.1598,0.002084775,0.162082,0.000197225,0.161835,
234,0.226749379,0.2304,0.003650621,0.225937,0.000812379,0.22679,
235,0.943245443,0.9479,0.004654557,0.94321,3.54E-05,0.942958,
236,0.591218061,0.5863,0.004918061,0.590619,0.000599061,0.591307,
237,0.886496297,0.8917,0.005203703,0.88667,0.000173703,0.886373,
238,0.789181211,0.7957,0.006518789,0.789016,0.000165211,0.789623,
239,0.74813491,0.7552,0.00706509,0.748298,0.00016309,0.747767,
240,0.7452909,0.7499,0.0046091,0.744909,0.0003819,0.744611,
241,0.777080197,0.7762,0.000880197,0.776753,0.000327197,0.777066,
242,0.826183805,0.8203,0.005883805,0.826612,0.000428195,0.82658,
243,0.797090615,0.7992,0.002109385,0.79675,0.000340615,0.796218,
244,0.757630587,0.7617,0.004069413,0.757645,1.44E-05,0.758071,
245,0.768846171,0.7723,0.003453829,0.768404,0.000442171,0.768902,
246,0.734218723,0.739,0.004781277,0.734149,6.97E-05,0.734379,
247,0.686537526,0.6883,0.001762474,0.68638,0.000157526,0.686559,
248,0.818387352,0.821,0.002612648,0.818054,0.000333352,0.819015,
249,0.350492293,0.3529,0.002407707,0.349428,0.001064293,0.349845,
250,0.337523395,0.3391,0.001576605,0.336914,0.000609395,0.337222,
251,0.871677089,0.8688,0.002877089,0.872022,0.000344911,0.87149,
252,0.851454578,0.8529,0.001445422,0.851806,0.000351422,0.851715,
253,0.882979547,0.8867,0.003720453,0.882318,0.000661547,0.883217,
254,0.840524211,0.8411,0.000575789,0.840253,0.000271211,0.84031,
255,0.909666483,0.9141,0.004433517,0.90935,0.000316483,0.909668,
256,0.765172147,0.7714,0.006227853,0.765059,0.000113147,0.765649,
257,0.832744071,0.8287,0.004044071,0.832387,0.000357071,0.832659,
258,0.83649871,0.8419,0.00540129,0.836763,0.00026429,0.835774,
259,0.828655565,0.8291,0.000444435,0.828942,0.000286435,0.828727,
260,0.866209506,0.8729,0.006690494,0.866052,0.000157506,0.865826,
261,0.139369351,0.141,0.001630649,0.139054,0.000315351,0.139119,
262,0.124835312,0.1247,0.000135312,0.12496,0.000124688,0.12508,
263,0.150253903,0.1528,0.002546097,0.149772,0.000481903,0.150118,
264,0.877126363,0.8773,0.000173637,0.877153,2.66E-05,0.877038,
265,0.356085141,0.361,0.004914859,0.356155,6.99E-05,0.355803,
266,0.753083561,0.7493,0.003783561,0.753251,0.000167439,0.752639,
267,0.765633208,0.7658,0.000166792,0.765903,0.000269792,0.765875,
268,0.72827135,0.7414,0.01312865,0.728322,5.06E-05,0.728472,
269,0.655088536,0.6523,0.002788536,0.655463,0.000374464,0.655494,
270,0.733085616,0.7343,0.001214384,0.733121,3.54E-05,0.73315,
271,0.765425014,0.7688,0.003374986,0.765271,0.000154014,0.765004,
272,0.712077101,0.7166,0.004522899,0.711432,0.000645101,0.711846,
273,0.749624214,0.7515,0.001875786,0.74948,0.000144214,0.750328,
274,0.616146344,0.6113,0.004846344,0.616682,0.000535656,0.616451,
275,0.681986013,0.6778,0.004186013,0.682523,0.000536987,0.682008,
276,0.753340715,0.7493,0.004040715,0.752468,0.000872715,0.752988,
277,0.681465338,0.6744,0.007065338,0.681532,6.67E-05,0.680853,
278,0.246200239,0.2458,0.000400239,0.245932,0.000268239,0.246054,
279,0.294045981,0.2995,0.005454019,0.293675,0.000370981,0.29364,
280,0.838694451,0.8395,0.000805549,0.838892,0.000197549,0.838134,
281,0.824336812,0.8276,0.003263188,0.824738,0.000401188,0.824206,
282,0.817695127,0.8155,0.002195127,0.817573,0.000122127,0.817641,
283,0.819949725,0.824,0.004050275,0.820157,0.000207275,0.819848,
284,0.815707611,0.815,0.000707611,0.815726,1.84E-05,0.815956,
285,0.813920146,0.814,7.99E-05,0.814182,0.000261854,0.813906,
286,0.755069362,0.7517,0.003369362,0.755196,0.000126638,0.754921,
287,0.753747753,0.7521,0.001647753,0.75361,0.000137753,0.753237,
288,0.824318136,0.8213,0.003018136,0.824541,0.000222864,0.824106,
289,0.773413746,0.7755,0.002086254,0.773696,0.000282254,0.773613,
290,0.100557145,0.1018,0.001242855,0.100535,2.21E-05,0.100441,
291,0.083769818,0.0833,0.000469818,0.083941,0.000171182,0.083792,
292,0.114129761,0.1174,0.003270239,0.113684,0.000445761,0.113941,
293,0.910658247,0.9115,0.000841753,0.910713,5.48E-05,0.910713,
294,0.32709564,0.3282,0.00110436,0.327201,0.00010536,0.327246,
295,0.687852809,0.6828,0.005052809,0.687633,0.000219809,0.68855,
296,0.686014917,0.6811,0.004914917,0.686179,0.000164083,0.685799,
297,0.79860557,0.8022,0.00359443,0.798685,7.94E-05,0.798328,
298,0.657370021,0.6553,0.002070021,0.656888,0.000482021,0.657509,
299,0.738166004,0.7428,0.004633996,0.738471,0.000304996,0.738144,
300,0.671614064,0.6814,0.009785936,0.671477,0.000137064,0.671799,
301,0.710898262,0.7107,0.000198262,0.711168,0.000269738,0.710951,
302,0.669578449,0.6731,0.003521551,0.66897,0.000608449,0.669087,
303,0.78266302,0.784,0.00133698,0.782306,0.00035702,0.782794,
304,0.672426362,0.6721,0.000326362,0.672414,1.24E-05,0.671858,
305,0.779489655,0.7797,0.000210345,0.77903,0.000459655,0.779024,
306,0.725405316,0.7353,0.009894684,0.725232,0.000173316,0.725335,
307,0.197886492,0.1993,0.001413508,0.198277,0.000390508,0.197782,
308,0.190833684,0.1951,0.004266316,0.190951,0.000117316,0.190431,
309,0.79009612,0.8016,0.01150388,0.789448,0.00064812,0.78961,
310,0.788688133,0.794,0.005311867,0.788598,9.01E-05,0.788293,
311,0.88959585,0.8912,0.00160415,0.889541,5.48E-05,0.889493,
312,0.77401124,0.7743,0.00028876,0.773905,0.00010624,0.773719,
313,0.760738889,0.7649,0.004161111,0.760561,0.000177889,0.760558,
314,0.714552547,0.7145,5.25E-05,0.713983,0.000569547,0.714623,
315,0.792442572,0.792,0.000442572,0.792507,6.44E-05,0.791619,
316,0.702475456,0.7021,0.000375456,0.703223,0.000747544,0.702508,
317,0.774946969,0.7787,0.003753031,0.775182,0.000235031,0.774559,
318,0.777266164,0.772,0.005266164,0.777215,5.12E-05,0.776345,
319,0.066497043,0.0687,0.002202957,0.066729,0.000231957,0.066239,
320,0.053697399,0.0549,0.001202601,0.053909,0.000211601,0.053655,
321,0.081296356,0.0832,0.001903644,0.081019,0.000277356,0.080934,
322,0.930676846,0.9319,0.001223154,0.930665,1.18E-05,0.930521,
323,0.429272081,0.4255,0.003772081,0.429011,0.000261081,0.429381,
324,0.71083507,0.7088,0.00203507,0.711271,0.00043593,0.710952,
325,0.839721729,0.8394,0.000321729,0.839412,0.000309729,0.839697,
326,0.732140422,0.7317,0.000440422,0.732128,1.24E-05,0.731762,
327,0.765393636,0.7662,0.000806364,0.765197,0.000196636,0.765527,
328,0.795487168,0.7942,0.001287168,0.794781,0.000706168,0.795092,
329,0.828560395,0.8204,0.008160395,0.82858,1.96E-05,0.82792,
330,0.715751134,0.7159,0.000148866,0.716144,0.000392866,0.715245,
331,0.803633691,0.8063,0.002666309,0.803525,0.000108691,0.803495,
332,0.74969809,0.7499,0.00020191,0.749836,0.00013791,0.74938,
333,0.767912306,0.7765,0.008587694,0.767156,0.000756306,0.767517,
334,0.663176849,0.6586,0.004576849,0.66274,0.000436849,0.663122,
335,0.639033099,0.6343,0.004733099,0.638228,0.000805099,0.638216,
336,0.121334772,0.1229,0.001565228,0.121178,0.000156772,0.121146,
337,0.127166487,0.13,0.002833513,0.127445,0.000278513,0.126828,
338,0.84856988,0.8533,0.00473012,0.848586,1.61E-05,0.848551,
339,0.769657217,0.7726,0.002942783,0.770081,0.000423783,0.770071,
340,0.877903349,0.8797,0.001796651,0.877582,0.000321349,0.877728,
341,0.869435204,0.8686,0.000835204,0.868965,0.000470204,0.869476,
342,0.844423083,0.8467,0.002276917,0.84415,0.000273083,0.844174,
343,0.786112524,0.7894,0.003287476,0.785824,0.000288524,0.786415,
344,0.856829204,0.8615,0.004670796,0.856696,0.000133204,0.856255,
345,0.826168531,0.8316,0.005431469,0.82622,5.15E-05,0.826308,
346,0.881955359,0.8822,0.000244641,0.881784,0.000171359,0.881957,
347,0.828880988,0.8326,0.003719012,0.82895,6.90E-05,0.828297,
348,0.046842609,0.0485,0.001657391,0.046944,0.000101391,0.046603,
349,0.045472423,0.0457,0.000227577,0.045571,9.86E-05,0.045378,
350,0.058412247,0.0601,0.001687753,0.058211,0.000201247,0.058225,
351,0.919805419,0.9199,9.46E-05,0.920051,0.000245581,0.919523,
352,0.598206989,0.5966,0.001606989,0.597987,0.000219989,0.59848,
353,0.774414549,0.7744,1.45E-05,0.774682,0.000267451,0.774463,
354,0.748086292,0.7382,0.009886292,0.748157,7.07E-05,0.747507,
355,0.784649903,0.7805,0.004149903,0.78369,0.000959903,0.784571,
356,0.80848377,0.8105,0.00201623,0.808153,0.00033077,0.80861,
357,0.809840099,0.8028,0.007040099,0.810184,0.000343901,0.809886,
358,0.818566023,0.8144,0.004166023,0.818647,8.10E-05,0.818516,
359,0.906734022,0.9039,0.002834022,0.906933,0.000198978,0.906712,
360,0.757402083,0.7535,0.003902083,0.757883,0.000480917,0.757532,
361,0.787031391,0.788,0.000968609,0.787005,2.64E-05,0.787213,
362,0.869418685,0.8666,0.002818685,0.869618,0.000199315,0.869312,
363,0.5909433,0.5954,0.0044567,0.591453,0.0005097,0.591066,
364,0.678368231,0.6797,0.001331769,0.67831,5.82E-05,0.678728,
365,0.110529874,0.1129,0.002370126,0.110388,0.000141874,0.110183,
366,0.105558005,0.1093,0.003741995,0.105701,0.000142995,0.105157,
367,0.845143682,0.8454,0.000256318,0.845523,0.000379318,0.845467,
368,0.845185568,0.8472,0.002014432,0.84462,0.000565568,0.845052,
369,0.794400194,0.7902,0.004200194,0.793373,0.001027194,0.794503,
370,0.911833242,0.9122,0.000366758,0.911657,0.000176242,0.911399,
371,0.873569801,0.865,0.008569801,0.873345,0.000224801,0.873862,
372,0.909707516,0.904,0.005707516,0.909485,0.000222516,0.910178,
373,0.896678787,0.8954,0.001278787,0.896535,0.000143787,0.896335,
374,0.811034045,0.8089,0.002134045,0.810748,0.000286045,0.811401,
375,0.822986296,0.823,1.37E-05,0.82263,0.000356296,0.822908,
376,0.840730732,0.8495,0.008769268,0.84002,0.000710732,0.840567,
377,0.032432422,0.0331,0.000667578,0.032621,0.000188578,0.032114,
378,0.038548336,0.0381,0.000448336,0.03879,0.000241664,0.038403,
379,0.039299583,0.0387,0.000599583,0.039128,0.000171583,0.039149,
380,0.906090141,0.9088,0.002709859,0.906094,3.86E-06,0.906114,
381,0.265031573,0.263,0.002031573,0.26524,0.000208427,0.263745,
382,0.647728803,0.6505,0.002771197,0.647987,0.000258197,0.647269,
383,0.642845896,0.6451,0.002254104,0.643276,0.000430104,0.642973,
384,0.794847577,0.7963,0.001452423,0.794859,1.14E-05,0.794791,
385,0.719601434,0.7278,0.008198566,0.719813,0.000211566,0.719408,
386,0.750034739,0.7516,0.001565261,0.750322,0.000287261,0.749665,
387,0.699635707,0.7042,0.004564293,0.698991,0.000644707,0.699068,
388,0.730313366,0.7229,0.007413366,0.72966,0.000653366,0.730058,
389,0.653017292,0.6564,0.003382708,0.652405,0.000612292,0.653235,
390,0.675662192,0.6816,0.005937808,0.676016,0.000353808,0.67505,
391,0.701075121,0.703,0.001924879,0.700989,8.61E-05,0.700062,
392,0.656203925,0.6578,0.001596075,0.656113,9.09E-05,0.655757,
393,0.798072225,0.797,0.001072225,0.797854,0.000218225,0.798114,
394,0.074849504,0.0745,0.000349504,0.074703,0.000146504,0.074642,
395,0.081233242,0.0823,0.001066758,0.08123,3.24E-06,0.080749,
396,0.72689551,0.7246,0.00229551,0.726686,0.00020951,0.726661,
397,0.755124469,0.7532,0.001924469,0.754497,0.000627469,0.754838,
398,0.830225523,0.8303,7.45E-05,0.830324,9.85E-05,0.829832,
399,0.857826266,0.8617,0.003873734,0.857718,0.000108266,0.857784,
400,0.838930946,0.8369,0.002030946,0.839056,0.000125054,0.838525,
401,0.709233486,0.7165,0.007266514,0.709318,8.45E-05,0.708922,
402,0.848857055,0.8495,0.000642945,0.848802,5.51E-05,0.848439,
403,0.798136761,0.8,0.001863239,0.797856,0.000280761,0.798002,
404,0.772564882,0.769,0.003564882,0.772031,0.000533882,0.772463,
405,0.813225915,0.815,0.001774085,0.8133,7.41E-05,0.812654,
406,0.026642606,0.0279,0.001257394,0.026927,0.000284394,0.026445,
407,0.030619005,0.0298,0.000819005,0.030735,0.000115995,0.030424,
408,0.031993183,0.0312,0.000793183,0.031862,0.000131183,0.031818,
409,0.827250372,0.8237,0.003550372,0.827374,0.000123628,0.826666,
410,0.140772471,0.1388,0.001972471,0.141079,0.000306529,0.140121,
411,0.627756526,0.6215,0.006256526,0.627661,9.55E-05,0.627354,
412,0.565794941,0.5614,0.004394941,0.56637,0.000575059,0.5652,
413,0.560920892,0.5524,0.008520892,0.561239,0.000318108,0.559806,
414,0.640813206,0.6406,0.000213206,0.64089,7.68E-05,0.640469,
415,0.515648427,0.519,0.003351573,0.51561,3.84E-05,0.515238,
416,0.636176646,0.6351,0.001076646,0.636865,0.000688354,0.635685,
417,0.675697569,0.6801,0.004402431,0.675412,0.000285569,0.675713,
418,0.717948026,0.7139,0.004048026,0.717617,0.000331026,0.717373,
419,0.647802579,0.6489,0.001097421,0.647393,0.000409579,0.647021,
420,0.600774437,0.5979,0.002874437,0.600766,8.44E-06,0.600002,
421,0.577168147,0.5718,0.005368147,0.577184,1.59E-05,0.576122,
422,0.555544616,0.5534,0.002144616,0.555654,0.000109384,0.554765,
423,0.063658637,0.0631,0.000558637,0.063786,0.000127363,0.063143,
424,0.057664807,0.059,0.001335193,0.057495,0.000169807,0.057139,
425,0.752750497,0.7466,0.006150497,0.753232,0.000481503,0.75249,
426,0.737525,0.7357,0.001825,0.73752,5.00E-06,0.737488,
427,0.748053156,0.7481,4.68E-05,0.747948,0.000105156,0.747613,
428,0.745451727,0.7486,0.003148273,0.746222,0.000770273,0.74482,
429,0.659384256,0.6579,0.001484256,0.659742,0.000357744,0.65844,
430,0.727261945,0.736,0.008738055,0.727503,0.000241055,0.726809,
431,0.704605258,0.7031,0.001505258,0.704745,0.000139742,0.704233,
432,0.744368764,0.7445,0.000131236,0.744569,0.000200236,0.743481,
433,0.687630192,0.6861,0.001530192,0.687571,5.92E-05,0.686047,
434,0.775428744,0.7734,0.002028744,0.775883,0.000454256,0.775078,
435,0.017705726,0.0186,0.000894274,0.017932,0.000226274,0.017567,
436,0.020326154,0.0207,0.000373846,0.020429,0.000102846,0.020308,
437,0.02061895,0.0184,0.00221895,0.020602,1.70E-05,0.020622,
438,0.935175728,0.9318,0.003375728,0.93519,1.43E-05,0.93556,
439,0.162465119,0.1618,0.000665119,0.16287,0.000404881,0.161808,
440,0.6227556,0.6256,0.0028444,0.622511,0.0002446,0.622946,
441,0.649984189,0.6407,0.009284189,0.650188,0.000203811,0.649977,
442,0.680472652,0.6841,0.003627348,0.680576,0.000103348,0.680519,
443,0.777170161,0.7746,0.002570161,0.777219,4.88E-05,0.777379,
444,0.645890357,0.6501,0.004209643,0.646604,0.000713643,0.646053,
445,0.769137336,0.7618,0.007337336,0.76939,0.000252664,0.769242,
446,0.762771911,0.7591,0.003671911,0.761993,0.000778911,0.762549,
447,0.643165998,0.6437,0.000534002,0.6433,0.000134002,0.643866,
448,0.824544395,0.8199,0.004644395,0.82478,0.000235605,0.824928,
449,0.716692145,0.7133,0.003392145,0.71709,0.000397855,0.716627,
450,0.691921254,0.6833,0.008621254,0.691315,0.000606254,0.69237,
451,0.630667869,0.629,0.001667869,0.63015,0.000517869,0.630309,
452,0.039848095,0.0398,4.81E-05,0.040178,0.000329905,0.039589,
453,0.043229798,0.0452,0.001970202,0.043366,0.000136202,0.043013,
454,0.830402481,0.8276,0.002802481,0.830374,2.85E-05,0.830873,
455,0.825690616,0.8148,0.010890616,0.826105,0.000414384,0.825194,
456,0.795835469,0.7921,0.003735469,0.795622,0.000213469,0.795256,
457,0.811314905,0.8036,0.007714905,0.811301,1.39E-05,0.811044,
458,0.810031656,0.8061,0.003931656,0.810121,8.93E-05,0.810217,
459,0.813179841,0.8112,0.001979841,0.813057,0.000122841,0.81318,
460,0.762537266,0.7644,0.001862734,0.762979,0.000441734,0.76216,
461,0.792092644,0.7894,0.002692644,0.79214,4.74E-05,0.79199,
462,0.867912923,0.8659,0.002012923,0.868038,0.000125077,0.868152,
463,0.773159145,0.7664,0.006759145,0.7728,0.000359145,0.773158,
464,0.01215773,0.0121,5.77E-05,0.012241,8.33E-05,0.012153,
465,0.013336739,0.0132,0.000136739,0.013489,0.000152261,0.013232,
466,0.015168161,0.0137,0.001468161,0.015069,9.92E-05,0.01518,
467,0.843468046,0.8354,0.008068046,0.843498,3.00E-05,0.843238,
468,0.386886981,0.389,0.002113019,0.387067,0.000180019,0.38763,
469,0.775872351,0.7731,0.002772351,0.776556,0.000683649,0.775801,
470,0.788309839,0.788,0.000309839,0.78885,0.000540161,0.788515,
471,0.653054971,0.6476,0.005454971,0.653074,1.90E-05,0.653161,
472,0.732258751,0.7403,0.008041249,0.732649,0.000390249,0.732618,
473,0.74992321,0.7481,0.00182321,0.749507,0.00041621,0.750627,
474,0.827106874,0.8246,0.002506874,0.827215,0.000108126,0.827289,
475,0.758112889,0.7592,0.001087111,0.757971,0.000141889,0.758837,
476,0.747160511,0.7495,0.002339489,0.747998,0.000837489,0.747162,
477,0.633874299,0.6346,0.000725701,0.634103,0.000228701,0.634351,
478,0.704140053,0.7031,0.001040053,0.705049,0.000908947,0.704108,
479,0.509822867,0.5012,0.008622867,0.510107,0.000284133,0.509508,
480,0.675324343,0.6689,0.006424343,0.675466,0.000141657,0.67591,
481,0.025874879,0.0244,0.001474879,0.0261,0.000225121,0.025894,
482,0.026419142,0.0249,0.001519142,0.026562,0.000142858,0.026303,
483,0.801554599,0.8001,0.001454599,0.801379,0.000175599,0.801518,
484,0.783306961,0.7827,0.000606961,0.783858,0.000551039,0.78353,
485,0.829129934,0.8314,0.002270066,0.829357,0.000227066,0.829291,
486,0.781752847,0.7876,0.005847153,0.782148,0.000395153,0.782003,
487,0.809340898,0.803,0.006340898,0.809156,0.000184898,0.809241,
488,0.858080714,0.8581,1.93E-05,0.858203,0.000122286,0.857751,
489,0.795168134,0.7929,0.002268134,0.795049,0.000119134,0.795433,
490,0.833799184,0.834,0.000200816,0.83408,0.000280816,0.833982,
491,0.829185961,0.8314,0.002214039,0.829302,0.000116039,0.829161,
492,0.808524134,0.8081,0.000424134,0.808514,1.01E-05,0.808149,
493,0.009208412,0.0089,0.000308412,0.00924,3.16E-05,0.009192,
494,0.008010872,0.0083,0.000289128,0.008114,0.000103128,0.00797,
495,0.009381046,0.0091,0.000281046,0.009293,8.80E-05,0.009293,
496,0.847226734,0.8484,0.001173266,0.847092,0.000134734,0.84712,
497,0.063842335,0.0622,0.001642335,0.064089,0.000246665,0.063315,
498,0.670335423,0.6686,0.001735423,0.669607,0.000728423,0.669672,
499,0.641109126,0.6446,0.003490874,0.640601,0.000508126,0.640334,
500,0.570936164,0.5746,0.003663836,0.570994,5.78E-05,0.570759,
501,0.635511922,0.6426,0.007088078,0.635068,0.000443922,0.634504,
502,0.620568929,0.6168,0.003768929,0.620471,9.79E-05,0.621035,
503,0.597538973,0.5961,0.001438973,0.597098,0.000440973,0.59762,
504,0.706731963,0.7043,0.002431963,0.706054,0.000677963,0.705943,
505,0.681517875,0.68,0.001517875,0.681963,0.000445125,0.681996,
506,0.603060815,0.5994,0.003660815,0.602098,0.000962815,0.6027,
507,0.605762354,0.6079,0.002137646,0.605518,0.000244354,0.606193,
508,0.518029281,0.5134,0.004629281,0.517732,0.000297281,0.517842,
509,0.593880625,0.5919,0.001980625,0.594403,0.000522375,0.594276,
510,0.018688508,0.0184,0.000288508,0.018703,1.45E-05,0.018663,
511,0.017894714,0.0179,5.29E-06,0.017865,2.97E-05,0.017948,
512,0.677156298,0.6754,0.001756298,0.676579,0.000577298,0.676717,
513,0.758875364,0.7573,0.001575364,0.758733,0.000142364,0.758845,
514,0.754548565,0.7553,0.000751435,0.75415,0.000398565,0.755009,
515,0.728799299,0.7324,0.003600701,0.728395,0.000404299,0.728749,
516,0.745789221,0.749,0.003210779,0.745237,0.000552221,0.74587,
517,0.72969149,0.7339,0.00420851,0.729256,0.00043549,0.72954,
518,0.746389409,0.7522,0.005810591,0.746249,0.000140409,0.746293,
519,0.709189424,0.7155,0.006310576,0.709134,5.54E-05,0.708406,
520,0.727413945,0.7272,0.000213945,0.726432,0.000981945,0.727507,
521,0.753579265,0.7548,0.001220735,0.753144,0.000435265,0.75324,
522,0.007166911,0.0073,0.000133089,0.00726,9.31E-05,0.007148,
523,0.006075871,0.0068,0.000724129,0.006177,0.000101129,0.006057,
524,0.005947645,0.006,5.24E-05,0.005817,0.000130645,0.005957,
525,0.855308522,0.8585,0.003191478,0.854785,0.000523522,0.854837,
526,0.18992506,0.1922,0.00227494,0.190335,0.00040994,0.190047,
527,0.707628137,0.7105,0.002871863,0.707235,0.000393137,0.707997,
528,0.616407997,0.619,0.002592003,0.616061,0.000346997,0.615923,
529,0.63088972,0.631,0.00011028,0.629739,0.00115072,0.629797,
530,0.584301499,0.5865,0.002198501,0.584135,0.000166499,0.58357,
531,0.554113078,0.5541,1.31E-05,0.554194,8.09E-05,0.554565,
532,0.639722284,0.6386,0.001122284,0.639145,0.000577284,0.638768,
533,0.662939843,0.6709,0.007960157,0.662575,0.000364843,0.663292,
534,0.59301424,0.5934,0.00038576,0.592581,0.00043324,0.59256,
535,0.690826033,0.6972,0.006373967,0.69089,6.40E-05,0.69016,
536,0.700847952,0.6972,0.003647952,0.700032,0.000815952,0.700748,
537,0.525733728,0.5197,0.006033728,0.525658,7.57E-05,0.525169,
538,0.692702789,0.6979,0.005197211,0.692393,0.000309789,0.692496,
539,0.015608331,0.0162,0.000591669,0.015747,0.000138669,0.015624,
540,0.014362092,0.0154,0.001037908,0.014477,0.000114908,0.014225,
541,0.690859496,0.6928,0.001940504,0.690666,0.000193496,0.69052,
542,0.7163931,0.7075,0.0088931,0.715685,0.0007081,0.716239,
543,0.828978729,0.8292,0.000221271,0.828066,0.000912729,0.82848,
544,0.725548038,0.7328,0.007251962,0.724989,0.000559038,0.725282,
545,0.679750998,0.6878,0.008049002,0.679209,0.000541998,0.680104,
546,0.675799011,0.6838,0.008000989,0.675846,4.70E-05,0.675876,
547,0.733584879,0.7385,0.004915121,0.732803,0.000781879,0.733764,
548,0.657651584,0.6621,0.004448416,0.657089,0.000562584,0.656718,
549,0.795893889,0.7975,0.001606111,0.795432,0.000461889,0.795771,
550,0.794798328,0.7974,0.002601672,0.794164,0.000634328,0.795079,
551,0.004336372,0.0042,0.000136372,0.004406,6.96E-05,0.004286,
552,0.004763195,0.0053,0.000536805,0.004866,0.000102805,0.004755,
553,0.004782929,0.0052,0.000417071,0.004718,6.49E-05,0.004821,
554,0.819865858,0.8171,0.002765858,0.820155,0.000289142,0.82027,
555,0.136321379,0.133,0.003321379,0.136293,2.84E-05,0.136384,
556,0.610926034,0.6073,0.003626034,0.611148,0.000221966,0.611199,
557,0.577798757,0.5742,0.003598757,0.57751,0.000288757,0.579189,
558,0.652814224,0.6483,0.004514224,0.652377,0.000437224,0.653473,
559,0.541781087,0.5435,0.001718913,0.542119,0.000337913,0.542807,
560,0.624827225,0.6284,0.003572775,0.624437,0.000390225,0.625319,
561,0.624246415,0.6278,0.003553585,0.624453,0.000206585,0.623945,
562,0.614702919,0.6048,0.009902919,0.614991,0.000288081,0.614666,
563,0.601596005,0.5935,0.008096005,0.601562,3.40E-05,0.602249,
564,0.704613042,0.6979,0.006713042,0.704791,0.000177958,0.705248,
565,0.618606377,0.6131,0.005506377,0.618538,6.84E-05,0.618892,
566,0.616257498,0.6181,0.001842502,0.616899,0.000641502,0.616309,
567,0.501843976,0.498,0.003843976,0.501791,5.30E-05,0.502312,
568,0.009644186,0.01,0.000355814,0.009699,5.48E-05,0.009621,
569,0.010164516,0.0109,0.000735484,0.010305,0.000140484,0.010116,
570,0.687269759,0.6794,0.007869759,0.68713,0.000139759,0.68724,
571,0.757891113,0.7593,0.001408887,0.757843,4.81E-05,0.758408,
572,0.720402328,0.7141,0.006302328,0.720768,0.000365672,0.721614,
573,0.687537599,0.684,0.003537599,0.687628,9.04E-05,0.688316,
574,0.678120947,0.6737,0.004420947,0.677656,0.000464947,0.678647,
575,0.737160232,0.7367,0.000460232,0.737488,0.000327768,0.737413,
576,0.709697009,0.7074,0.002297009,0.709091,0.000606009,0.70996,
577,0.762601528,0.7578,0.004801528,0.762914,0.000312472,0.763137,
578,0.688613114,0.6867,0.001913114,0.688302,0.000311114,0.688642,
579,0.670630547,0.6695,0.001130547,0.670163,0.000467547,0.670936,
580,0.002998856,0.0027,0.000298856,0.00305,5.11E-05,0.002936,
581,0.003445887,0.0039,0.000454113,0.003566,0.000120113,0.00343,
582,0.003283116,0.0037,0.000416884,0.003284,8.84E-07,0.003292,
583,0.816113159,0.821,0.004886841,0.816331,0.000217841,0.815822,
584,0.051827401,0.0523,0.000472599,0.051659,0.000168401,0.051716,
585,0.530698449,0.5414,0.010701551,0.530937,0.000238551,0.530831,
586,0.555632085,0.5572,0.001567915,0.554819,0.000813085,0.555762,
587,0.582516168,0.5839,0.001383832,0.582773,0.000256832,0.581395,
588,0.544588472,0.546,0.001411528,0.545347,0.000758528,0.544914,
589,0.644127225,0.654,0.009872775,0.643963,0.000164225,0.644219,
590,0.650983692,0.6567,0.005716308,0.651398,0.000414308,0.650597,
591,0.623862125,0.6301,0.006237875,0.624204,0.000341875,0.624013,
592,0.609283314,0.6102,0.000916686,0.609139,0.000144314,0.608834,
593,0.623081058,0.6263,0.003218942,0.623329,0.000247942,0.623334,
594,0.551297196,0.5534,0.002102804,0.551882,0.000584804,0.550171,
595,0.512226541,0.5124,0.000173459,0.512806,0.000579459,0.511944,
596,0.588812973,0.5935,0.004687027,0.588774,3.90E-05,0.588777,
597,0.007123128,0.0075,0.000376872,0.007306,0.000182872,0.007101,
598,0.007232471,0.0074,0.000167529,0.007351,0.000118529,0.007157,
599,0.730134528,0.7289,0.001234528,0.730321,0.000186472,0.73002,
600,0.698295015,0.7011,0.002804985,0.698867,0.000571985,0.69769,
601,0.730751468,0.7317,0.000948532,0.73107,0.000318532,0.730658,
602,0.630789271,0.6316,0.000810729,0.630904,0.000114729,0.630439,
603,0.631681004,0.6342,0.002518996,0.631607,7.40E-05,0.630928,
604,0.676184572,0.677,0.000815428,0.676053,0.000131572,0.675396,
605,0.669123105,0.6724,0.003276895,0.669452,0.000328895,0.668777,
606,0.733152084,0.7328,0.000352084,0.733166,1.39E-05,0.732452,
607,0.671718847,0.6783,0.006581153,0.672419,0.000700153,0.67085,
608,0.725243407,0.7324,0.007156593,0.725143,0.000100407,0.725021,
609,0.001988921,0.0023,0.000311079,0.002012,2.31E-05,0.001942,
610,0.002419289,0.0026,0.000180711,0.002494,7.47E-05,0.002417,
611,0.002032299,0.0018,0.000232299,0.002059,2.67E-05,0.002055,
612,0.820354641,0.8258,0.005445359,0.820457,0.000102359,0.820273,
613,0.446576415,0.4515,0.004923585,0.44751,0.000933585,0.446932,
614,0.758530346,0.7588,0.000269654,0.758355,0.000175346,0.758567,
615,0.796617517,0.8024,0.005782483,0.796695,7.75E-05,0.79656,
616,0.765287007,0.768,0.002712993,0.765732,0.000444993,0.76541,
617,0.817107964,0.8212,0.004092036,0.817281,0.000173036,0.817327,
618,0.717208156,0.7194,0.002191844,0.717688,0.000479844,0.717299,
619,0.824499958,0.8258,0.001300042,0.824535,3.50E-05,0.824787,
620,0.798661294,0.8044,0.005738706,0.798015,0.000646294,0.799023,
621,0.6634165,0.6685,0.0050835,0.663758,0.0003415,0.66335,
622,0.686299517,0.6982,0.011900483,0.686702,0.000402483,0.686351,
623,0.690502626,0.6911,0.000597374,0.691087,0.000584374,0.690934,
624,0.52102772,0.5234,0.00237228,0.520696,0.00033172,0.520949,
625,0.577218914,0.5845,0.007281086,0.576724,0.000494914,0.57685,
626,0.004813876,0.0047,0.000113876,0.00484,2.61E-05,0.004791,
627,0.004558476,0.0049,0.000341524,0.004571,1.25E-05,0.00447,
628,0.736267683,0.7396,0.003332317,0.736635,0.000367317,0.736832,
629,0.860345682,0.8621,0.001754318,0.860822,0.000476318,0.860357,
630,0.759839759,0.7599,6.02E-05,0.759874,3.42E-05,0.759799,
631,0.812630368,0.8116,0.001030368,0.812458,0.000172368,0.813015,
632,0.781916042,0.7873,0.005383958,0.782069,0.000152958,0.781809,
633,0.781379876,0.7849,0.003520124,0.781111,0.000268876,0.781436,
634,0.821419479,0.8206,0.000819479,0.821319,0.000100479,0.821367,
635,0.806371017,0.8137,0.007328983,0.806427,5.60E-05,0.806401,
636,0.767231185,0.7676,0.000368815,0.767473,0.000241815,0.767392,
637,0.76916603,0.7787,0.00953397,0.768355,0.00081103,0.769347,
638,0.001644078,0.0018,0.000155922,0.001676,3.19E-05,0.001622,
639,0.001710708,0.0018,8.93E-05,0.001724,1.33E-05,0.001717,
640,0.001496246,0.0008,0.000696246,0.00154,4.38E-05,0.001488,
641,0.86397158,0.8624,0.00157158,0.864704,0.00073242,0.864299,
642,0.239272574,0.2407,0.001427426,0.239307,3.44E-05,0.239708,
643,0.752584063,0.757,0.004415937,0.753447,0.000862937,0.753548,
644,0.688741369,0.6938,0.005058631,0.688716,2.54E-05,0.68895,
645,0.679191996,0.6749,0.004291996,0.67895,0.000241996,0.679524,
646,0.762566198,0.7622,0.000366198,0.763445,0.000878802,0.763232,
647,0.615841606,0.6216,0.005758394,0.615315,0.000526606,0.616536,
648,0.730828998,0.7371,0.006271002,0.73142,0.000591002,0.731851,
649,0.64117295,0.6313,0.00987295,0.640997,0.00017595,0.641365,
650,0.729942186,0.7265,0.003442186,0.730303,0.000360814,0.730482,
651,0.637473927,0.643,0.005526073,0.63802,0.000546073,0.638168,
652,0.798819768,0.7934,0.005419768,0.799438,0.000618232,0.798959,
653,0.611268526,0.6083,0.002968526,0.611753,0.000484474,0.610448,
654,0.695961333,0.6986,0.002638667,0.696226,0.000264667,0.696818,
655,0.003219713,0.0026,0.000619713,0.003298,7.83E-05,0.003251,
656,0.003337677,0.0031,0.000237677,0.003449,0.000111323,0.003316,
657,0.715709714,0.7166,0.000890286,0.715749,3.93E-05,0.715835,
658,0.723540722,0.731,0.007459278,0.723597,5.63E-05,0.72313,
659,0.809419625,0.8093,0.000119625,0.8099,0.000480375,0.810197,
660,0.775262679,0.7721,0.003162679,0.775527,0.000264321,0.775513,
661,0.789606222,0.784,0.005606222,0.789162,0.000444222,0.790234,
662,0.735213551,0.7359,0.000686449,0.735572,0.000358449,0.735754,
663,0.727852824,0.7254,0.002452824,0.728531,0.000678176,0.728444,
664,0.771574153,0.7706,0.000974153,0.771486,8.82E-05,0.771879,
665,0.822235757,0.8183,0.003935757,0.822682,0.000446243,0.822288,
666,0.770290816,0.768,0.002290816,0.77043,0.000139184,0.770385,
667,0.001230216,0.0012,3.02E-05,0.001253,2.28E-05,0.001195,
668,0.00140566,0.0015,9.43E-05,0.001416,1.03E-05,0.001378,
669,0.001108262,0.0005,0.000608262,0.00114,3.17E-05,0.001106,
670,0.812706957,0.8167,0.003993043,0.81237,0.000336957,0.812911,
671,0.074335612,0.0742,0.000135612,0.074711,0.000375388,0.074564,
672,0.657113879,0.6605,0.003386121,0.65703,8.39E-05,0.657686,
673,0.638271665,0.6419,0.003628335,0.637217,0.001054665,0.638892,
674,0.64233509,0.6417,0.00063509,0.641856,0.00047909,0.642098,
675,0.630734456,0.6321,0.001365544,0.629937,0.000797456,0.6305,
676,0.521790272,0.5193,0.002490272,0.521833,4.27E-05,0.52161,
677,0.511746086,0.5103,0.001446086,0.5117,4.61E-05,0.512168,
678,0.699284376,0.7043,0.005015624,0.698278,0.001006376,0.699892,
679,0.530074267,0.5318,0.001725733,0.529916,0.000158267,0.529979,
680,0.66469164,0.6714,0.00670836,0.664159,0.00053264,0.66538,
681,0.594888117,0.589,0.005888117,0.59483,5.81E-05,0.594656,
682,0.55675541,0.5586,0.00184459,0.557151,0.00039559,0.556557,
683,0.5130723,0.5143,0.0012277,0.513226,0.0001537,0.513082,
684,0.002545966,0.0024,0.000145966,0.002593,4.70E-05,0.002491,
685,0.002828648,0.0026,0.000228648,0.002901,7.24E-05,0.002771,
686,0.726754072,0.7343,0.007545928,0.725707,0.001047072,0.726997,
687,0.736277602,0.7413,0.005022398,0.7362,7.76E-05,0.735799,
688,0.710646735,0.7113,0.000653265,0.710396,0.000250735,0.711367,
689,0.714750043,0.721,0.006249957,0.713603,0.001147043,0.714459,
690,0.690995116,0.6948,0.003804884,0.690687,0.000308116,0.691199,
691,0.649775118,0.6533,0.003524882,0.649544,0.000231118,0.651384,
692,0.661981705,0.6623,0.000318295,0.662208,0.000226295,0.662007,
693,0.673422352,0.6837,0.010277648,0.674042,0.000619648,0.674129,
694,0.672503832,0.6745,0.001996168,0.672736,0.000232168,0.672749,
695,0.728865214,0.7288,6.52E-05,0.728802,6.32E-05,0.728761,
696,0.000822729,0.0009,7.73E-05,0.000829,6.27E-06,0.000789,
697,0.001086539,0.0011,1.35E-05,0.001081,5.54E-06,0.001069,
698,0.000868205,0.0005,0.000368205,0.0009,3.18E-05,0.000856,
699,0.877457812,0.8703,0.007157812,0.877891,0.000433188,0.876979,
700,0.068348611,0.0689,0.000551389,0.068863,0.000514389,0.068461,
701,0.630643101,0.628,0.002643101,0.631733,0.001089899,0.630364,
702,0.680586984,0.6814,0.000813016,0.681308,0.000721016,0.680381,
703,0.587858918,0.5891,0.001241082,0.587939,8.01E-05,0.588749,
704,0.671669159,0.6681,0.003569159,0.671882,0.000212841,0.671555,
705,0.534717155,0.5196,0.015117155,0.535431,0.000713845,0.534378,
706,0.746838974,0.7399,0.006938974,0.747324,0.000485026,0.746392,
707,0.61129651,0.6031,0.00819651,0.611391,9.45E-05,0.611197,
708,0.701085188,0.7038,0.002714812,0.70133,0.000244812,0.700556,
709,0.62284915,0.6181,0.00474915,0.622356,0.00049315,0.622847,
710,0.690787098,0.6796,0.011187098,0.691293,0.000505902,0.690108,
711,0.639154302,0.635,0.004154302,0.63939,0.000235698,0.638642,
712,0.633667082,0.6228,0.010867082,0.634085,0.000417918,0.633707,
713,0.002022135,0.002,2.21E-05,0.002058,3.59E-05,0.00197,
714,0.001909852,0.0017,0.000209852,0.0019,9.85E-06,0.0019,
715,0.767603092,0.7623,0.005303092,0.767609,5.91E-06,0.767525,
716,0.717282612,0.7058,0.011482612,0.718236,0.000953388,0.716972,
717,0.777787947,0.7765,0.001287947,0.778574,0.000786053,0.777773,
718,0.706278108,0.6887,0.017578108,0.707518,0.001239892,0.705594,
719,0.795579932,0.7934,0.002179932,0.796324,0.000744068,0.795595,
720,0.674222672,0.6694,0.004822672,0.67497,0.000747328,0.673966,
721,0.737830528,0.7353,0.002530528,0.738109,0.000278472,0.737829,
722,0.749887947,0.7409,0.008987947,0.750191,0.000303053,0.74934,
723,0.782183284,0.7724,0.009783284,0.782532,0.000348716,0.781795,
724,0.772930933,0.7651,0.007830933,0.773629,0.000698067,0.772893,
725,0.000674601,0.0008,0.000125399,0.00068,5.40E-06,0.00064,
726,0.000941389,0.0011,0.000158611,0.000926,1.54E-05,0.000935,
727,0.000681586,0.0005,0.000181586,0.000719,3.74E-05,0.000679,
728,0.874757943,0.8725,0.002257943,0.874541,0.000216943,0.874838,
729,0.361745041,0.3593,0.002445041,0.361508,0.000237041,0.361272,
730,0.710417353,0.7094,0.001017353,0.710662,0.000244647,0.710849,
731,0.684059683,0.6864,0.002340317,0.683756,0.000303683,0.683814,
732,0.723222283,0.7235,0.000277717,0.722173,0.001049283,0.723423,
733,0.711909429,0.7139,0.001990571,0.711352,0.000557429,0.711243,
734,0.696999149,0.6998,0.002800851,0.696202,0.000797149,0.696884,
735,0.704358952,0.7024,0.001958952,0.703686,0.000672952,0.704362,
736,0.640433813,0.6474,0.006966187,0.640222,0.000211813,0.640199,
737,0.651645536,0.6598,0.008154464,0.650897,0.000748536,0.651328,
738,0.683489156,0.6833,0.000189156,0.683198,0.000291156,0.683433,
739,0.658661288,0.6526,0.006061288,0.658615,4.63E-05,0.659431,
740,0.671709229,0.6706,0.001109229,0.672168,0.000458771,0.671196,
741,0.711320093,0.705,0.006320093,0.711138,0.000182093,0.711298,
742,0.001746872,0.0017,4.69E-05,0.001776,2.91E-05,0.001749,
743,0.001635751,0.0021,0.000464249,0.001664,2.82E-05,0.001604,
744,0.827457327,0.8258,0.001657327,0.826845,0.000612327,0.827177,
745,0.783283556,0.7855,0.002216444,0.782686,0.000597556,0.78274,
746,0.816627881,0.8183,0.001672119,0.815835,0.000792881,0.816788,
747,0.766823254,0.7715,0.004676746,0.766266,0.000557254,0.767299,
748,0.772151401,0.7728,0.000648599,0.772189,3.76E-05,0.772313,
749,0.75398644,0.7498,0.00418644,0.754008,2.16E-05,0.754377,
750,0.81812051,0.8192,0.00107949,0.818278,0.00015749,0.818144,
751,0.797103639,0.8007,0.003596361,0.796845,0.000258639,0.796974,
752,0.829691038,0.826,0.003691038,0.828781,0.000910038,0.829787,
753,0.770168201,0.7713,0.001131799,0.769003,0.001165201,0.770269,
754,0.000462064,0.0007,0.000237936,0.000471,8.94E-06,0.000446,
755,0.000578086,0.0006,2.19E-05,0.000561,1.71E-05,0.000552,
756,0.000530642,0.0004,0.000130642,0.000562,3.14E-05,0.000529,
757,0.809556236,0.8049,0.004656236,0.809328,0.000228236,0.809408,
758,0.083545865,0.0835,4.59E-05,0.083421,0.000124865,0.083913,
759,0.714860845,0.7146,0.000260845,0.715023,0.000162155,0.714778,
760,0.521134823,0.52,0.001134823,0.52019,0.000944823,0.520639,
761,0.671461162,0.675,0.003538838,0.671731,0.000269838,0.671237,
762,0.568215014,0.5615,0.006715014,0.567723,0.000492014,0.566984,
763,0.54134026,0.5391,0.00224026,0.541275,6.53E-05,0.541052,
764,0.664132086,0.6611,0.003032086,0.663758,0.000374086,0.664218,
765,0.61114768,0.6095,0.00164768,0.611221,7.33E-05,0.610872,
766,0.551011875,0.5438,0.007211875,0.551378,0.000366125,0.5509,
767,0.668250294,0.6704,0.002149706,0.668738,0.000487706,0.668099,
768,0.574522888,0.574,0.000522888,0.574259,0.000263888,0.574084,
769,0.631809555,0.63,0.001809555,0.631902,9.24E-05,0.631527,
770,0.568746935,0.5633,0.005446935,0.569143,0.000396065,0.56836,
771,0.000959858,0.0007,0.000259858,0.000952,7.86E-06,0.000916,
772,0.001149682,0.0014,0.000250318,0.001192,4.23E-05,0.00112,
773,0.712196313,0.7061,0.006096313,0.711987,0.000209313,0.712517,
774,0.662962537,0.6519,0.011062537,0.663188,0.000225463,0.662984,
775,0.782073819,0.7776,0.004473819,0.781896,0.000177819,0.782229,
776,0.730854569,0.7307,0.000154569,0.730214,0.000640569,0.730707,
777,0.71017862,0.7087,0.00147862,0.710086,9.26E-05,0.710222,
778,0.709893899,0.7054,0.004493899,0.709213,0.000680899,0.709495,
779,0.646527676,0.6384,0.008127676,0.646318,0.000209676,0.645998,
780,0.673805942,0.6696,0.004205942,0.673718,8.79E-05,0.673833,
781,0.656272526,0.657,0.000727474,0.655975,0.000297526,0.655357,
782,0.680800094,0.6758,0.005000094,0.680347,0.000453094,0.680826,
