Node,AlgoValue,MCValue(1million),Diff,MCValue(100thousand),Diff,MCValue(10thousand),Diff
476,0.853248521,0.851888,0.001360521,0.68554,0.003876656,0.6759,0.015570371
131,0.692931692,0.694248,0.001316308,0.85891,0.003456242,0.6626,0.014182417
275,0.9,0.898758,0.001242,0.69126,0.003400319,0.6831,0.011560319
37,0.851121135,0.852217,0.001095865,0.56271,0.003216617,0.8885,0.0115
518,0.830535504,0.831621,0.001085496,0.86329,0.003101247,0.7403,0.0113
337,0.672667194,0.673714,0.001046806,0.86469,0.003068175,0.6582,0.010362622
87,0.861621825,0.862653,0.001031175,0.72594,0.00306,0.8343,0.010301686
591,0.676782417,0.675755,0.001027417,0.68821,0.003043699,0.7007,0.010242729
821,0.9,0.901007,0.001007,0.69012,0.003009494,0.7078,0.009790392
34,0.689408119,0.690399,0.000990881,0.69519,0.002962269,0.6836,0.009529494
90,0.830535504,0.829594,0.000941504,0.89567,0.002939351,0.858,0.00951
574,0.676782417,0.675845,0.000937417,0.68441,0.002849414,0.8445,0.009214547
333,0.665288936,0.666212,0.000923064,0.66811,0.002821064,0.909,0.009
104,0.692931692,0.693849,0.000917308,0.55949,0.002809875,0.6825,0.008970371
603,0.825385953,0.824482,0.000903953,0.82404,0.002695634,0.6857,0.008960319
71,0.556680125,0.555781,0.000899125,0.89738,0.00262,0.5682,0.008929611
1035,0.691253699,0.692151,0.000897301,0.69718,0.002519681,0.8706,0.008859743
473,0.69208285,0.691186,0.00089685,0.6793,0.002517583,0.8447,0.008849033
95,0.855471225,0.856363,0.000891775,0.85606,0.002510967,0.6833,0.00879459
539,0.691470371,0.690586,0.000884371,0.87001,0.0025,0.8704,0.008659743
830,0.855453758,0.854572,0.000881758,0.56198,0.002486617,0.6755,0.008627366
349,0.739622016,0.740503,0.000880984,0.86503,0.00248,0.9086,0.0086
477,0.691181117,0.692062,0.000880883,0.73148,0.00248,0.8529,0.008513538
161,0.861621825,0.8625,0.000878175,0.85541,0.002464589,0.679,0.008508192
1022,0.565387782,0.566265,0.000877218,0.7314,0.0024,0.6936,0.008110859
9,0.86751,0.866647,0.000863,0.89035,0.002380649,0.8435,0.00808271
403,0.9,0.899159,0.000841,0.55432,0.002360125,0.8226,0.007935504
634,0.694660319,0.695486,0.000825681,0.90233,0.00233,0.8535,0.007913538
719,0.9,0.899175,0.000825,0.68493,0.002329414,0.5684,0.007812891
626,0.559493383,0.560314,0.000820617,0.69304,0.002307429,0.6845,0.007717583
584,0.687508192,0.688328,0.000819808,0.86523,0.00228,0.6998,0.00771715
1014,0.856740046,0.855945,0.000795046,0.90228,0.00228,0.8923,0.0077
335,0.855715424,0.856507,0.000791576,0.68498,0.002279414,0.8578,0.007608493
102,0.690732571,0.689941,0.000791571,0.68498,0.002279414,0.8692,0.007578175
875,0.853144012,0.853935,0.000790988,0.55441,0.002270125,0.6981,0.007500647
712,0.9,0.90079,0.00079,0.85935,0.002253599,0.8643,0.007480586
1000,0.856819414,0.856034,0.000785414,0.68822,0.002237271,0.7861,0.007459511
732,0.856740046,0.855966,0.000774046,0.68658,0.002232575,0.7216,0.0074
797,0.862509789,0.86174,0.000769789,0.89777,0.00223,0.869,0.007378175
552,0.689784931,0.689019,0.000765931,0.89496,0.002229351,0.6986,0.007346301
1040,0.729,0.729764,0.000764,0.89778,0.00222,0.8552,0.007309789
92,0.729,0.72976,0.00076,0.70021,0.002200392,0.6848,0.007276484
1007,0.853549033,0.854308,0.000758967,0.85954,0.002200257,0.6874,0.007260319
681,0.855715424,0.854965,0.000750424,0.56168,0.002186617,0.869,0.007259743
446,0.9,0.900749,0.000749,0.72682,0.00218,0.8482,0.007253758
462,0.692076484,0.692822,0.000745516,0.86392,0.002179743,0.8504,0.007205333
922,0.9,0.899256,0.000744,0.69425,0.002173516,0.697,0.00716007
64,0.687259414,0.688,0.000740586,0.8537,0.002169932,0.6983,0.007152829
847,0.665288936,0.666027,0.000738064,0.56755,0.002162218,0.6875,0.007132284
904,0.86751,0.868241,0.000731,0.85657,0.002146728,0.6984,0.007119631
338,0.698009608,0.697279,0.000730608,0.69155,0.002133344,0.8604,0.00711
400,0.9,0.900725,0.000725,0.90213,0.00213,0.6909,0.007109608
300,0.86751,0.868233,0.000723,0.82499,0.002120352,0.8929,0.0071
793,0.86751,0.866789,0.000721,0.8654,0.00211,0.8686,0.006996401
519,0.698009608,0.698727,0.000717392,0.8467,0.002098314,0.8375,0.006964496
775,0.8938269,0.894544,0.0007171,0.8643,0.002091247,0.8556,0.006909789
880,0.86751,0.868227,0.000717,0.83797,0.002061777,0.8685,0.006878175
636,0.694660319,0.695374,0.000713681,0.85958,0.002041825,0.8613,0.006876728
852,0.698009608,0.697299,0.000710608,0.90204,0.00204,0.6981,0.006819631
554,0.694632284,0.693924,0.000708284,0.68678,0.002032575,0.8675,0.006805396
877,0.861621825,0.862329,0.000707175,0.68752,0.002030859,0.8478,0.006802137
25,0.691470371,0.690768,0.000702371,0.85867,0.002024604,0.8684,0.006778175
756,0.9,0.900699,0.000699,0.66731,0.002021064,0.8579,0.006772729
120,0.694660319,0.693965,0.000695319,0.90202,0.00202,0.8685,0.006759743
622,0.8604952,0.861184,0.0006888,0.86189,0.002015611,0.6972,0.006742729
767,0.9,0.899312,0.000688,0.8655,0.00201,0.5634,0.006719875
682,0.855715424,0.85503,0.000685424,0.69409,0.00200715,0.8597,0.006691247
918,0.9,0.899318,0.000682,0.898,0.002,0.8624,0.006684576
437,0.9,0.900682,0.000682,0.85372,0.001995424,0.8295,0.006630352
764,0.9,0.900676,0.000676,0.85771,0.001994576,0.6822,0.006612575
314,0.9,0.900671,0.000671,0.8636,0.001978175,0.6995,0.006568308
279,0.86751,0.868177,0.000667,0.8468,0.001975546,0.6857,0.006527731
668,0.861740257,0.861074,0.000666257,0.85945,0.001963538,0.7225,0.0065
740,0.830535504,0.829871,0.000664504,0.8637,0.001959743,0.9065,0.0065
990,0.853248521,0.852586,0.000662521,0.8637,0.001959743,0.874,0.00649
807,0.9,0.899338,0.000662,0.6892,0.001940586,0.8175,0.006463841
478,0.860694604,0.860035,0.000659604,0.72707,0.00193,0.6919,0.006410859
252,0.862509789,0.861851,0.000658789,0.86558,0.00193,0.7044,0.006390392
750,0.729,0.729657,0.000657,0.68356,0.001929141,0.8739,0.00639
122,0.694660319,0.694006,0.000654319,0.90191,0.00191,0.6589,0.006388936
892,0.862509789,0.861856,0.000653789,0.67488,0.001902417,0.6704,0.006382417
471,0.853310021,0.853963,0.000652979,0.85735,0.001896242,0.8554,0.006340257
83,0.691508783,0.69086,0.000648783,0.89812,0.00188,0.8481,0.006324603
730,0.861413538,0.860765,0.000648538,0.90187,0.00187,0.8612,0.00631
372,0.862509789,0.861865,0.000644789,0.67492,0.001862417,0.8937,0.0063
516,0.824465398,0.825109,0.000643602,0.85256,0.001855412,0.868,0.006259743
765,0.9,0.900642,0.000642,0.85977,0.001851825,0.8606,0.006176728
598,0.687259414,0.6879,0.000640586,0.8337,0.001833848,0.5654,0.006129611
360,0.822267422,0.821628,0.000639422,0.55485,0.001830125,0.9061,0.0061
557,0.694632284,0.693993,0.000639284,0.90183,0.00183,0.8715,0.006091507
643,0.691470371,0.690832,0.000638371,0.86934,0.00183,0.6707,0.006082417
207,0.86751,0.866875,0.000635,0.85514,0.001829979,0.8677,0.006078175
426,0.86751,0.868144,0.000634,0.89455,0.001819351,0.6814,0.006051563
46,0.689752031,0.689119,0.000633031,0.8657,0.00181,0.8472,0.006048521
799,0.862509789,0.861881,0.000628789,0.84969,0.001804886,0.8523,0.006017109
881,0.86751,0.866883,0.000627,0.9018,0.0018,0.858,0.006014923
678,0.855715424,0.856341,0.000625576,0.68804,0.00179993,0.6855,0.006008783
180,0.861740257,0.861118,0.000622257,0.90178,0.00178,0.723,0.006
907,0.9,0.899378,0.000622,0.85725,0.001778775,0.906,0.006
835,0.855471225,0.854851,0.000620225,0.84693,0.001775633,0.735,0.006
783,0.855715424,0.855096,0.000619424,0.72723,0.00177,0.8735,0.00599
873,0.687451563,0.688066,0.000614437,0.90177,0.00177,0.8566,0.005909789
932,0.86751,0.868124,0.000614,0.86337,0.001748175,0.8676,0.005859743
916,0.9,0.899388,0.000612,0.85967,0.001743538,0.8617,0.00581
303,0.729,0.729609,0.000609,0.89826,0.00174,0.9058,0.0058
851,0.672667194,0.673275,0.000607806,0.90174,0.00174,0.8683,0.005790211
202,0.9,0.899393,0.000607,0.86577,0.00174,0.8733,0.00579
138,0.892730649,0.892126,0.000604649,0.68709,0.001722575,0.8675,0.005759743
55,0.853714547,0.853111,0.000603547,0.90172,0.00172,0.8454,0.005731674
54,0.859874389,0.860477,0.000602611,0.86923,0.00172,0.5624,0.005719875
757,0.9,0.899402,0.000598,0.82882,0.001715504,0.8618,0.00571
673,0.866391247,0.865794,0.000597247,0.86922,0.00171,0.5652,0.005706617
905,0.9,0.900592,0.000592,0.85401,0.001705424,0.8943,0.0057
1033,0.698009608,0.697418,0.000591608,0.86219,0.001698578,0.9057,0.0057
366,0.86751,0.866919,0.000591,0.86332,0.001698175,0.9057,0.0057
558,0.689752031,0.690342,0.000589969,0.5578,0.001693383,0.8732,0.00569
482,0.560587109,0.559998,0.000589109,0.8671,0.001691507,0.8611,0.005646242
181,0.861740257,0.861152,0.000588257,0.8647,0.001691247,0.8481,0.005635578
647,0.892730649,0.892147,0.000583649,0.79524,0.001680489,0.6824,0.005617583
590,0.676782417,0.676199,0.000583417,0.8633,0.001678175,0.8558,0.005613538
621,0.690732571,0.691315,0.000582429,0.67846,0.001677583,0.9056,0.0056
342,0.693129494,0.693707,0.000577506,0.85738,0.001664576,0.9056,0.0056
1015,0.8411931,0.840617,0.0005761,0.82372,0.001664313,0.6734,0.005583027
737,0.8938269,0.893254,0.0005729,0.85033,0.001662819,0.86,0.005580244
845,0.830453326,0.831021,0.000567674,0.68981,0.001660371,0.8673,0.005559743
743,0.86751,0.866943,0.000567,0.89834,0.00166,0.8673,0.005559743
580,0.853714547,0.853149,0.000565547,0.84681,0.001658412,0.8562,0.005540257
995,0.689416656,0.68998,0.000563344,0.84705,0.001655633,0.8512,0.005540046
697,0.861740257,0.861179,0.000561257,0.85539,0.001654422,0.5622,0.005519875
683,0.855715424,0.856276,0.000560576,0.69225,0.001650647,0.8945,0.0055
347,0.7026831,0.70324,0.0005569,0.89835,0.00165,0.8612,0.005484576
126,0.697162629,0.697719,0.000556371,0.89835,0.00165,0.8588,0.005400371
72,0.556680125,0.557236,0.000555875,0.89835,0.00165,0.8946,0.0054
1025,0.698009608,0.698564,0.000554392,0.90165,0.00165,0.9054,0.0054
344,0.854419756,0.854974,0.000554244,0.6882,0.00163993,0.9054,0.0054
748,0.86751,0.866959,0.000551,0.68965,0.001630369,0.9054,0.0054
1038,0.823963841,0.823414,0.000549841,0.69236,0.001627429,0.8167,0.005355687
982,0.86751,0.868059,0.000549,0.89838,0.00162,0.8564,0.005340257
4,0.892730649,0.893278,0.000547351,0.86336,0.001619743,0.6845,0.00533993
958,0.9,0.899455,0.000545,0.69962,0.001610392,0.859,0.005332875
231,0.86751,0.866966,0.000544,0.69531,0.001605823,0.8874,0.005330649
308,0.9,0.899457,0.000543,0.69134,0.001600645,0.5646,0.005329611
857,0.82440225,0.823864,0.00053825,0.55767,0.001600389,0.7237,0.0053
438,0.9,0.899462,0.000538,0.9016,0.0016,0.8607,0.005246242
951,0.9,0.900537,0.000537,0.68991,0.001598783,0.6957,0.005242729
44,0.689752031,0.690289,0.000536969,0.86015,0.001590257,0.8623,0.00521
362,0.698009608,0.697473,0.000536608,0.89841,0.00159,0.8948,0.0052
700,0.861740257,0.861204,0.000536257,0.90159,0.00159,0.5543,0.005193383
1012,0.86751,0.866974,0.000536,0.86321,0.001588175,0.8612,0.005191247
63,0.854602137,0.855138,0.000535863,0.85213,0.001584547,0.8727,0.00519
170,0.861621825,0.862156,0.000534175,0.82238,0.001583841,0.6895,0.005160319
489,0.860694604,0.861222,0.000527396,0.68723,0.001582575,0.8408,0.005157813
538,0.694632284,0.695159,0.000526716,0.5551,0.001580125,0.8516,0.005140046
665,0.861740257,0.861214,0.000526257,0.8527,0.001578865,0.8254,0.005135504
728,0.861413538,0.860888,0.000525538,0.84574,0.001578546,0.8876,0.005130649
630,0.851530068,0.852055,0.000524932,0.86017,0.001570257,0.6801,0.00512882
1023,0.689784931,0.689261,0.000523931,0.73057,0.00157,0.8506,0.005115424
171,0.861621825,0.861099,0.000522825,0.86908,0.00157,0.9051,0.0051
281,0.86751,0.866989,0.000521,0.69848,0.001564177,0.7341,0.0051
655,0.892730649,0.892211,0.000519649,0.86595,0.00156,0.8726,0.00509
415,0.86751,0.868029,0.000519,0.86907,0.00156,0.8478,0.005083878
766,0.862509789,0.861991,0.000518789,0.90156,0.00156,0.6965,0.005029629
849,0.855715424,0.856232,0.000516576,0.86095,0.001559789,0.6844,0.005016656
407,0.9,0.899485,0.000515,0.85176,0.001550021,0.6838,0.005012575
289,0.9,0.899486,0.000514,0.90155,0.00155,0.8725,0.00499
112,0.559493383,0.55898,0.000513383,0.69129,0.001537969,0.8988,0.0049731
908,0.9,0.900513,0.000513,0.82385,0.001535953,0.6957,0.004967429
213,0.861413538,0.861926,0.000512462,0.68566,0.001532634,0.8667,0.004959743
353,0.848705633,0.848194,0.000511633,0.86192,0.001530094,0.7347,0.004922016
824,0.9,0.900511,0.000511,0.90153,0.00153,0.8508,0.004915424
831,0.853735578,0.854241,0.000505422,0.79508,0.001520489,0.6839,0.004912575
35,0.559270389,0.558765,0.000505389,0.69314,0.001520319,0.831,0.004908223
769,0.9,0.900505,0.000505,0.89848,0.00152,0.8976,0.004869351
158,0.861621825,0.861117,0.000504825,0.90152,0.00152,0.6701,0.004811064
481,0.689416656,0.689921,0.000504344,0.68996,0.001512935,0.8952,0.0048
117,0.68983993,0.689337,0.00050293,0.69266,0.001512829,0.8467,0.004794886
449,0.835903909,0.836405,0.000501091,0.66706,0.001502622,0.8535,0.004794367
640,0.697162629,0.696662,0.000500629,0.86401,0.001500211,0.8723,0.00479
511,0.698009608,0.69851,0.000500392,0.85252,0.00150009,0.8664,0.004778175
97,0.860069587,0.859571,0.000498587,0.73049,0.00149,0.6962,0.004729629
605,0.668562622,0.668065,0.000497622,0.85093,0.001486384,0.696,0.004719631
84,0.687259414,0.686762,0.000497414,0.6994,0.001486321,0.8953,0.0047
800,0.862509789,0.862013,0.000496789,0.69061,0.00148459,0.9047,0.0047
627,0.689739355,0.690235,0.000495645,0.85522,0.001484422,0.856,0.004694604
190,0.9,0.899506,0.000494,0.86689,0.001481507,0.8672,0.004690211
145,0.861740257,0.862234,0.000493743,0.85472,0.001471479,0.8722,0.00469
992,0.860694604,0.860202,0.000492604,0.89126,0.001470649,0.8722,0.00469
80,0.685489141,0.684998,0.000491141,0.69319,0.001470319,0.8974,0.004669351
236,0.729,0.729487,0.000487,0.86186,0.001470094,0.8974,0.004669351
324,0.855471225,0.855958,0.000486775,0.90147,0.00147,0.6993,0.004667716
429,0.694660319,0.694174,0.000486319,0.86309,0.001468175,0.6639,0.004662622
257,0.9,0.899514,0.000486,0.86897,0.00146,0.6852,0.00463993
182,0.861740257,0.861256,0.000484257,0.90146,0.00146,0.8881,0.004630649
749,0.86751,0.867026,0.000484,0.8586,0.001459137,0.8892,0.0046269
124,0.691280369,0.690801,0.000479369,0.85905,0.0014452,0.8629,0.00461
815,0.86751,0.867031,0.000479,0.86495,0.001441247,0.8653,0.004605396
920,0.9,0.900479,0.000479,0.89129,0.001440649,0.8954,0.0046
425,0.86751,0.867988,0.000478,0.86394,0.001430211,0.8954,0.0046
294,0.8938269,0.89335,0.0004769,0.85516,0.001424422,0.9046,0.0046
1026,0.861603599,0.86208,0.000476401,0.68889,0.001423256,0.9046,0.0046
24,0.694632284,0.69416,0.000472284,0.86609,0.00142,0.8583,0.004564422
370,0.729,0.729472,0.000472,0.90142,0.00142,0.6926,0.004562629
183,0.861740257,0.86221,0.000469743,0.69608,0.001419681,0.8414,0.004561506
745,0.86751,0.867978,0.000468,0.69267,0.001416301,0.695,0.004542729
717,0.9,0.899535,0.000465,0.85406,0.001411225,0.5638,0.004529611
895,0.9,0.900465,0.000465,0.86033,0.001410257,0.8512,0.004515424
345,0.853298513,0.853761,0.000462487,0.89859,0.00141,0.9045,0.0045
687,0.861621825,0.862084,0.000462175,0.90141,0.00141,0.8442,0.00449978
561,0.696915823,0.697377,0.000461177,0.8611,0.001409789,0.872,0.00449
331,0.830453326,0.830913,0.000459674,0.85214,0.001409033,0.6991,0.004467716
889,0.822869648,0.822413,0.000456648,0.69576,0.001402629,0.8492,0.004467125
817,0.729,0.728544,0.000456,0.86681,0.001401507,0.8662,0.004459743
577,0.854602137,0.855058,0.000455863,0.85582,0.001395397,0.8573,0.004440257
469,0.9,0.900454,0.000454,0.83502,0.001391701,0.857,0.004413538
428,0.676782417,0.67633,0.000452417,0.89134,0.001390649,0.5698,0.004412218
811,0.8938269,0.893378,0.0004489,0.89861,0.00139,0.8631,0.00441
882,0.823963841,0.824412,0.000448159,0.89861,0.00139,0.5639,0.004406617
260,0.86751,0.867957,0.000447,0.89861,0.00139,0.8956,0.0044
679,0.865408493,0.864962,0.000446493,0.54232,0.001388252,0.9044,0.0044
641,0.690732571,0.691179,0.000446429,0.86301,0.001388175,0.9044,0.0044
746,0.86751,0.867065,0.000445,0.69361,0.001382269,0.9044,0.0044
855,0.822055687,0.821611,0.000444687,0.69328,0.001380319,0.862,0.004391247
837,0.855471225,0.85503,0.000441225,0.89411,0.001379351,0.8719,0.00439
741,0.830535504,0.830095,0.000440504,0.82089,0.001377422,0.6724,0.004382417
74,0.688812575,0.689253,0.000440425,0.86888,0.00137,0.866,0.004378175
174,0.855715424,0.856155,0.000439576,0.69664,0.001369608,0.6903,0.004360319
267,0.865408493,0.864969,0.000439493,0.696,0.001367716,0.6829,0.004359414
332,0.847318546,0.847757,0.000438454,0.8473,0.001367181,0.8494,0.004314547
632,0.694660319,0.695098,0.000437681,0.55791,0.001360389,0.8957,0.0043
450,0.835908223,0.835472,0.000436223,0.90136,0.00136,0.8957,0.0043
497,0.862509789,0.862945,0.000435211,0.90136,0.00136,0.8287,0.00429775
487,0.851494886,0.85193,0.000435114,0.67131,0.001357194,0.5552,0.004293383
555,0.694632284,0.695066,0.000433716,0.56085,0.001356617,0.8718,0.00429
387,0.83541729,0.834984,0.00043329,0.69329,0.001342284,0.8567,0.004283616
393,0.9,0.899568,0.000432,0.89866,0.00134,0.8659,0.004278175
195,0.9,0.899569,0.000431,0.86183,0.001338578,0.897,0.004269351
1009,0.853549033,0.853119,0.000430033,0.68807,0.001338119,0.8597,0.004246242
778,0.865408493,0.865838,0.000429507,0.74096,0.001337984,0.8282,0.004236159
594,0.685489141,0.685916,0.000426859,0.90133,0.00133,0.8574,0.004221825
672,0.861621825,0.861195,0.000426825,0.86884,0.00133,0.8502,0.004219756
900,0.9,0.900426,0.000426,0.85704,0.001324576,0.6963,0.00421715
575,0.692227731,0.692653,0.000425269,0.86673,0.001321507,0.8612,0.004208493
565,0.846282891,0.846706,0.000423109,0.86042,0.001320257,0.9042,0.0042
984,0.860694604,0.861116,0.000421396,0.86042,0.001320257,0.9042,0.0042
447,0.9,0.900421,0.000421,0.82155,0.001319648,0.8958,0.0042
1029,0.84869978,0.848279,0.00042078,0.68417,0.001319141,0.8958,0.0042
504,0.844601686,0.845022,0.000420314,0.85574,0.001315397,0.8667,0.004190211
651,0.861740257,0.861321,0.000419257,0.86508,0.001311247,0.8658,0.004178175
453,0.9,0.900418,0.000418,0.69444,0.001310506,0.6949,0.004167429
253,0.9,0.900417,0.000417,0.69278,0.001309629,0.8576,0.004140257
515,0.84869978,0.849115,0.00041522,0.86293,0.001308175,0.8886,0.004130649
422,0.86751,0.867095,0.000415,0.69106,0.001307969,0.8516,0.004115424
664,0.892730649,0.892316,0.000414649,0.7277,0.0013,0.8584,0.004109789
48,0.690457271,0.690043,0.000414271,0.69203,0.001297429,0.8959,0.0041
755,0.9,0.899586,0.000414,0.83183,0.001294496,0.9041,0.0041
903,0.86751,0.867918,0.000408,0.8638,0.001290211,0.8959,0.0041
320,0.853735578,0.854143,0.000407422,0.8688,0.00129,0.8968,0.004069351
968,0.9,0.900407,0.000407,0.85803,0.001289954,0.697,0.004068308
454,0.9,0.900406,0.000406,0.69104,0.001287969,0.6906,0.004060319
607,0.851654234,0.85206,0.000405766,0.85238,0.001287125,0.8658,0.004059743
214,0.861413538,0.861008,0.000405538,0.90128,0.00128,0.8495,0.004049033
615,0.690732571,0.691138,0.000405429,0.69256,0.001279631,0.6889,0.004031692
913,0.9,0.900404,0.000404,0.85922,0.0012752,0.6835,0.004008192
203,0.9,0.899597,0.000403,0.69928,0.001270392,0.904,0.004
479,0.861621825,0.861221,0.000400825,0.86624,0.00127,0.904,0.004
28,0.690457271,0.690058,0.000399271,0.90127,0.00127,0.8967,0.003969351
88,0.848667181,0.848268,0.000399181,0.86877,0.00126,0.6858,0.003952031
887,0.856740046,0.857137,0.000396954,0.68948,0.001252571,0.8638,0.003925611
223,0.8938269,0.89343,0.0003969,0.84988,0.001251674,0.8636,0.00391
827,0.9,0.900396,0.000396,0.90125,0.00125,0.5634,0.003906617
955,0.9,0.900395,0.000395,0.86626,0.00125,0.8646,0.003905396
727,0.861413538,0.861807,0.000393462,0.69098,0.001240645,0.8961,0.0039
5,0.86751,0.867903,0.000393,0.86627,0.00124,0.9039,0.0039
843,0.821344366,0.821736,0.000391634,0.85495,0.001235453,0.8961,0.0039
967,0.9,0.90039,0.00039,0.89877,0.00123,0.8961,0.0039
233,0.729,0.729389,0.000389,0.89877,0.00123,0.9039,0.0039
696,0.861740257,0.861352,0.000388257,0.86874,0.00123,0.7329,0.0039
485,0.861621825,0.86201,0.000388175,0.85398,0.001223739,0.8596,0.003884576
191,0.9,0.899612,0.000388,0.69182,0.001220647,0.8498,0.00387029
658,0.861740257,0.862128,0.000387743,0.90122,0.00122,0.6908,0.003860319
316,0.855453758,0.85584,0.000386242,0.5666,0.001212218,0.8579,0.003840257
1004,0.85101991,0.851406,0.00038609,0.90121,0.00121,0.8557,0.00383235
645,0.692931692,0.692546,0.000385692,0.9012,0.0012,0.8637,0.00381
486,0.856819414,0.856434,0.000385414,0.86631,0.0012,0.5633,0.003806617
715,0.9,0.899615,0.000385,0.85691,0.001194576,0.9038,0.0038
49,0.9,0.900384,0.000384,0.86422,0.001188493,0.9038,0.0038
19,0.860389906,0.860006,0.000383906,0.86133,0.001179789,0.9038,0.0038
884,0.729,0.729383,0.000383,0.85249,0.001177125,0.8713,0.00379
291,0.9,0.900378,0.000378,0.85428,0.001173758,0.851,0.003784966
1039,0.86751,0.867133,0.000377,0.84922,0.001165895,0.8517,0.003771225
69,0.556680125,0.557057,0.000376875,0.85314,0.001154923,0.8553,0.003769932
988,0.852238588,0.851862,0.000376588,0.89885,0.00115,0.5447,0.003768252
60,0.676782417,0.677159,0.000376583,0.89388,0.001149351,0.6984,0.003767716
529,0.851545717,0.851922,0.000376283,0.83168,0.001144496,0.6945,0.003767429
326,0.9,0.899624,0.000376,0.85481,0.001142875,0.6909,0.003760319
862,0.793559511,0.793935,0.000375489,0.90114,0.00114,0.8605,0.003759954
23,0.690457271,0.690082,0.000375271,0.85659,0.001136242,0.6942,0.003742729
848,0.861621825,0.861247,0.000374825,0.86061,0.001130257,0.8318,0.003733848
219,0.8938269,0.8942,0.0003731,0.89887,0.00113,0.8524,0.003732819
305,0.86751,0.867883,0.000373,0.86138,0.001129789,0.8638,0.00371
933,0.86751,0.867137,0.000373,0.86287,0.001129743,0.8638,0.00371
240,0.9,0.900372,0.000372,0.86275,0.001128175,0.6958,0.00370541
693,0.861740257,0.862112,0.000371743,0.85554,0.001120244,0.7253,0.0037
94,0.853432554,0.853061,0.000371554,0.89888,0.00112,0.9037,0.0037
467,0.9,0.89963,0.00037,0.90112,0.00112,0.9037,0.0037
587,0.848775546,0.849145,0.000369454,0.89271,0.0011169,0.9037,0.0037
675,0.861621825,0.861991,0.000369175,0.86528,0.001111247,0.8975,0.0036731
606,0.729,0.729369,0.000369,0.89889,0.00111,0.8581,0.003640257
863,0.739622016,0.739991,0.000368984,0.8664,0.00111,0.691,0.003632284
310,0.9,0.899633,0.000367,0.8614,0.001109789,0.8562,0.003608207
725,0.86751,0.867143,0.000367,0.86361,0.001100211,0.8964,0.0036
680,0.865408493,0.865043,0.000365493,0.86641,0.0011,0.9036,0.0036
564,0.850385895,0.850751,0.000365105,0.86861,0.0011,0.857,0.003567446
738,0.86751,0.867875,0.000365,0.8989,0.0011,0.8487,0.003538588
322,0.855471225,0.855836,0.000364775,0.8989,0.0011,0.7007,0.003537371
423,0.86751,0.867146,0.000364,0.85784,0.001099954,0.8581,0.003521825
50,0.850385895,0.850749,0.000363105,0.8523,0.001099629,0.8475,0.00351991
26,0.852945411,0.852584,0.000361411,0.89273,0.0010969,0.6803,0.003517583
735,0.86751,0.867871,0.000361,0.86251,0.001096462,0.8522,0.003515424
549,0.559270389,0.559631,0.000360611,0.85483,0.001094422,0.8579,0.003513538
502,0.86751,0.86787,0.00036,0.89891,0.00109,0.864,0.00351
1034,0.830535504,0.830177,0.000358504,0.86142,0.001089789,0.864,0.003508578
609,0.855471225,0.855113,0.000358225,0.69256,0.001089629,0.8965,0.0035
782,0.865408493,0.865051,0.000357493,0.54202,0.001088252,0.7325,0.0035
14,0.851586335,0.851943,0.000356665,0.85463,0.001085424,0.9035,0.0035
520,0.830535504,0.830892,0.000356496,0.69355,0.001082284,0.9035,0.0035
542,0.690457271,0.690101,0.000356271,0.86054,0.001081825,0.8572,0.003494604
160,0.866391247,0.866746,0.000354753,0.68637,0.001081563,0.866,0.003490211
273,0.9,0.899648,0.000352,0.86643,0.00108,0.8453,0.003475546
1020,0.853399629,0.85375,0.000350371,0.89892,0.00108,0.852,0.003471225
410,0.9,0.89965,0.00035,0.86643,0.00108,0.8652,0.003459743
566,0.854602137,0.854952,0.000349863,0.86859,0.00108,0.8652,0.003459743
890,0.862509789,0.86216,0.000349789,0.85367,0.001078207,0.6863,0.003452031
343,0.82440225,0.824752,0.00034975,0.8627,0.001078175,0.6932,0.003447969
787,0.9,0.899651,0.000349,0.89275,0.0010769,0.8179,0.003444366
993,0.861621825,0.86197,0.000348175,0.85962,0.001074604,0.6907,0.003440586
373,0.856740046,0.856393,0.000347046,0.6942,0.001070506,0.6945,0.003413679
671,0.866391247,0.866738,0.000346753,0.85447,0.001070371,0.6881,0.003408783
950,0.9,0.899654,0.000346,0.90107,0.00107,0.862,0.003408493
859,0.853298513,0.853644,0.000345487,0.90107,0.00107,0.862,0.003408493
571,0.851985077,0.85233,0.000344923,0.89893,0.00107,0.8639,0.0034048
6,0.862509789,0.862165,0.000344789,0.86644,0.00107,0.8688,0.003391507
809,0.8938269,0.893483,0.0003439,0.90107,0.00107,0.8571,0.003391422
829,0.855453758,0.85511,0.000343758,0.86434,0.001068493,0.8709,0.00339
620,0.855471225,0.855129,0.000342225,0.86269,0.001068175,0.8565,0.003374389
430,0.9,0.899658,0.000342,0.8449,0.001061506,0.8272,0.003335504
921,0.9,0.899658,0.000342,0.85651,0.001060721,0.8905,0.0033269
155,0.861740257,0.862081,0.000340743,0.89167,0.001060649,0.8511,0.003315412
512,0.861603599,0.861944,0.000340401,0.59155,0.00106,0.8504,0.003314547
352,0.860694604,0.861035,0.000340396,0.86745,0.001058753,0.8642,0.00331
272,0.9,0.89966,0.00034,0.69358,0.001052284,0.8642,0.00331
283,0.862509789,0.86217,0.000339789,0.86646,0.001051507,0.8592,0.003309789
666,0.861740257,0.86208,0.000339743,0.89168,0.001050649,0.8621,0.003308493
870,0.688812575,0.689152,0.000339425,0.90105,0.00105,0.9033,0.0033
73,0.848775546,0.848438,0.000337546,0.55773,0.001049875,0.8967,0.0033
280,0.86751,0.867847,0.000337,0.68418,0.00104882,0.8967,0.0033
421,0.86751,0.867173,0.000337,0.73004,0.00104,0.8649,0.003278175
141,0.892730649,0.893067,0.000336351,0.69697,0.001039608,0.8971,0.0032731
234,0.86751,0.867175,0.000335,0.85468,0.001035424,0.8566,0.003270229
229,0.86751,0.867844,0.000334,0.85185,0.001033878,0.6931,0.00326007
661,0.892730649,0.893064,0.000333351,0.73003,0.00103,0.865,0.003259743
193,0.9,0.899667,0.000333,0.85544,0.001024588,0.858,0.003215034
166,0.865408493,0.865741,0.000332507,0.86853,0.00102,0.6887,0.003210859
562,0.690457271,0.690125,0.000332271,0.86853,0.00102,0.5937,0.00321
461,0.861621825,0.861954,0.000332175,0.89898,0.00102,0.8968,0.0032
445,0.9,0.900332,0.000332,0.85968,0.001014604,0.9032,0.0032
142,0.892730649,0.892399,0.000331649,0.85543,0.001010244,0.8501,0.003198513
179,0.861740257,0.86141,0.000330257,0.89899,0.00101,0.8707,0.00319
200,0.9,0.90033,0.00033,0.72799,0.00101,0.8959,0.003169351
439,0.9,0.90033,0.00033,0.8665,0.00101,0.8959,0.003169351
915,0.9,0.900329,0.000329,0.86852,0.00101,0.8649,0.003159743
139,0.892730649,0.892403,0.000327649,0.8665,0.00101,0.826,0.003130352
15,0.851545717,0.85122,0.000325717,0.8617,0.001005396,0.8585,0.003121825
638,0.691280369,0.690955,0.000325369,0.69041,0.001001881,0.8515,0.003102137
302,0.86751,0.867835,0.000325,0.85189,0.001001058,0.9031,0.0031
408,0.9,0.900324,0.000324,0.86351,0.001000211,0.8969,0.0031
336,0.675238922,0.675562,0.000323078,0.86851,0.001,0.8969,0.0031
628,0.559493383,0.559815,0.000321617,0.901,0.001,0.8576,0.003094604
779,0.865408493,0.86573,0.000321507,0.899,0.001,0.8576,0.003094604
633,0.694660319,0.694339,0.000321319,0.69563,0.000997716,0.8598,0.003059954
522,0.86751,0.86719,0.00032,0.66757,0.000992622,0.8275,0.003034602
113,0.689739355,0.68942,0.000319355,0.86652,0.00099,0.6945,0.003027065
420,0.86751,0.867829,0.000319,0.8685,0.00099,0.8908,0.0030269
540,0.852945411,0.853264,0.000318589,0.8685,0.00099,0.8645,0.00301
295,0.8938269,0.893509,0.0003179,0.85252,0.000989932,0.903,0.003
581,0.835533848,0.835216,0.000317848,0.86273,0.000989743,0.897,0.003
40,0.694632284,0.694315,0.000317284,0.86273,0.000989743,0.8705,0.00299
530,0.853667125,0.85335,0.000317125,0.85646,0.000988775,0.8705,0.00299
249,0.9,0.900317,0.000317,0.82128,0.000987422,0.8224,0.002985953
816,0.86751,0.867827,0.000317,0.83443,0.00098729,0.8525,0.002971225
713,0.9,0.900316,0.000316,0.85177,0.000986261,0.6976,0.002967716
888,0.862509789,0.862194,0.000315789,0.85644,0.000986242,0.6976,0.002967716
608,0.853432554,0.853117,0.000315554,0.69411,0.000980506,0.8557,0.002943739
970,0.9,0.899685,0.000315,0.89902,0.00098,0.8515,0.002937765
957,0.9,0.900315,0.000315,0.86653,0.00098,0.5622,0.002929611
635,0.69209459,0.692409,0.00031441,0.90098,0.00098,0.8909,0.0029269
929,0.86751,0.867824,0.000314,0.85252,0.000974283,0.8909,0.0029269
962,0.9,0.900314,0.000314,0.89176,0.000970649,0.8515,0.002919756
991,0.691181117,0.691495,0.000313883,0.86077,0.000970257,0.8528,0.002915424
525,0.86751,0.867198,0.000312,0.86077,0.000970257,0.6884,0.002910859
689,0.861740257,0.862052,0.000311743,0.86654,0.00097,0.8633,0.002910094
834,0.853735578,0.854047,0.000311422,0.90097,0.00097,0.8646,0.00291
287,0.862509789,0.862821,0.000311211,0.84725,0.000967109,0.8636,0.002905396
956,0.9,0.900311,0.000311,0.89904,0.00096,0.8971,0.0029
299,0.86751,0.867201,0.000309,0.89904,0.00096,0.9029,0.0029
644,0.692227731,0.691919,0.000308731,0.89904,0.00096,0.8971,0.0029
465,0.854419756,0.854728,0.000308244,0.86655,0.00096,0.8704,0.00289
1011,0.862509789,0.862202,0.000307789,0.90096,0.00096,0.8475,0.002885895
146,0.892730649,0.892423,0.000307649,0.86655,0.00096,0.5538,0.002880125
543,0.860491422,0.860798,0.000306578,0.86847,0.00096,0.8645,0.002878175
197,0.9,0.899694,0.000306,0.90096,0.00096,0.8967,0.0028731
917,0.9,0.899694,0.000306,0.85476,0.000955424,0.6926,0.002860645
319,0.855453758,0.855148,0.000305758,0.68883,0.000954931,0.8646,0.002859743
18,0.860059137,0.860364,0.000304863,0.86067,0.000951825,0.8899,0.002830649
619,0.853329771,0.853025,0.000304771,0.85579,0.000950046,0.8899,0.002830649
653,0.892730649,0.893035,0.000304351,0.86656,0.00095,0.5621,0.002829611
440,0.9,0.900304,0.000304,0.90095,0.00095,0.6894,0.002827731
659,0.861740257,0.861437,0.000303257,0.90095,0.00095,0.8505,0.002810021
433,0.9,0.899697,0.000303,0.85587,0.000949414,0.8543,0.002805114
927,0.9,0.899697,0.000303,0.56153,0.000942891,0.9028,0.0028
560,0.689752031,0.690055,0.000302969,0.86635,0.000941507,0.9028,0.0028
935,0.86751,0.867812,0.000302,0.90094,0.00094,0.9028,0.0028
826,0.9,0.900301,0.000301,0.90094,0.00094,0.9028,0.0028
32,0.559270389,0.558971,0.000299389,0.69129,0.000937731,0.9028,0.0028
617,0.694660319,0.694363,0.000297319,0.85478,0.000935424,0.8384,0.0027931
701,0.9,0.899704,0.000296,0.86048,0.000933538,0.8653,0.002790211
198,0.9,0.900296,0.000296,0.86048,0.000933538,0.6999,0.0027831
286,0.862509789,0.862215,0.000294789,0.86844,0.00093,0.8629,0.002779497
369,0.9,0.900293,0.000293,0.90093,0.00093,0.8539,0.002778865
954,0.9,0.900293,0.000293,0.86267,0.000929743,0.6887,0.002772935
318,0.855453758,0.855746,0.000292242,0.8929,0.0009269,0.8645,0.002759743
709,0.9,0.899709,0.000291,0.86104,0.000919497,0.6939,0.002752829
451,0.9,0.900291,0.000291,0.89365,0.000919351,0.8628,0.002740863
472,0.851131674,0.851422,0.000290326,0.86252,0.000916401,0.853,0.002715424
30,0.860389906,0.8601,0.000289906,0.86342,0.000910211,0.8648,0.00271
573,0.687259414,0.687549,0.000289586,0.8666,0.00091,0.8973,0.0027
129,0.691470371,0.691181,0.000289371,0.90091,0.00091,0.9027,0.0027
427,0.694632284,0.694343,0.000289284,0.8645,0.000908493,0.9027,0.0027
444,0.9,0.899711,0.000289,0.86084,0.000900257,0.9027,0.0027
533,0.860389906,0.860101,0.000288906,0.85532,0.000900244,0.8643,0.002696401
592,0.691472935,0.691185,0.000287935,0.85584,0.000900046,0.851,0.00267029
284,0.862509789,0.862222,0.000287789,0.9009,0.0009,0.6846,0.002659414
866,0.860694604,0.860982,0.000287396,0.86661,0.0009,0.8383,0.002657813
494,0.854423272,0.854136,0.000287272,0.8991,0.0009,0.6753,0.002632806
699,0.861740257,0.862026,0.000285743,0.8991,0.0009,0.8901,0.002630649
396,0.9,0.899717,0.000283,0.69163,0.000897429,0.6826,0.00262882
707,0.9,0.899717,0.000283,0.86085,0.000890257,0.859,0.002621825
222,0.8938269,0.894109,0.0002821,0.89911,0.00089,0.6868,0.002616656
254,0.729,0.728719,0.000281,0.89911,0.00089,0.8507,0.002610021
860,0.729,0.728719,0.000281,0.90089,0.00089,0.8649,0.00261
86,0.68983993,0.689559,0.00028093,0.90089,0.00089,0.8649,0.00261
597,0.691508783,0.691228,0.000280783,0.86162,0.000889789,0.8461,0.002605633
576,0.85186765,0.851587,0.00028065,0.89294,0.0008869,0.8974,0.0026
417,0.86751,0.86723,0.00028,0.85483,0.000885424,0.8974,0.0026
106,0.855471225,0.855192,0.000279225,0.89912,0.00088,0.9026,0.0026
495,0.853549033,0.853828,0.000278967,0.90088,0.00088,0.9026,0.0026
1032,0.830535504,0.830257,0.000278504,0.90088,0.00088,0.9026,0.0026
470,0.860694604,0.860417,0.000277604,0.68896,0.00087993,0.7006,0.002590392
676,0.865408493,0.865131,0.000277493,0.69879,0.000876321,0.8651,0.002590211
833,0.855453758,0.855731,0.000277242,0.69376,0.000872284,0.8701,0.00259
377,0.851128037,0.850851,0.000277037,0.90087,0.00087,0.8701,0.00259
491,0.851494886,0.85122,0.000274886,0.90087,0.00087,0.849,0.002586335
854,0.861621825,0.861348,0.000273825,0.90087,0.00087,0.8583,0.002584576
611,0.860069587,0.860343,0.000273413,0.86261,0.000869743,0.8583,0.002584576
959,0.9,0.899727,0.000273,0.66868,0.000863027,0.6995,0.002584177
1019,0.667816973,0.667544,0.000272973,0.86337,0.000860211,0.8642,0.002578175
147,0.892730649,0.892458,0.000272649,0.90086,0.00086,0.7422,0.002577984
768,0.729,0.728728,0.000272,0.89914,0.00086,0.8593,0.002559954
274,0.9,0.900272,0.000272,0.89914,0.00086,0.6872,0.002539355
899,0.9,0.900272,0.000272,0.86837,0.00086,0.8601,0.002529279
948,0.9,0.899729,0.000271,0.55754,0.000859875,0.8591,0.002521825
952,0.9,0.900271,0.000271,0.8626,0.000859743,0.8488,0.002517109
89,0.825385953,0.825115,0.000270953,0.6864,0.000859414,0.8532,0.002515424
521,0.691253699,0.690983,0.000270699,0.84646,0.000858546,0.8534,0.002511058
886,0.862509789,0.86278,0.000270211,0.89297,0.0008569,0.865,0.00251
513,0.684127366,0.684397,0.000269634,0.85528,0.000856728,0.8975,0.0025
1003,0.860694604,0.860964,0.000269396,0.89915,0.00085,0.8975,0.0025
648,0.861740257,0.861471,0.000269257,0.89915,0.00085,0.9025,0.0025
579,0.860120503,0.859852,0.000268503,0.90085,0.00085,0.9025,0.0025
999,0.861621825,0.861354,0.000267825,0.69213,0.000849631,0.9025,0.0025
705,0.9,0.899733,0.000267,0.86247,0.000848175,0.588,0.00249
610,0.852756261,0.853022,0.000265739,0.85545,0.000847863,0.87,0.00249
869,0.697913679,0.697648,0.000265679,0.85985,0.000844604,0.8582,0.002484576
971,0.9,0.899735,0.000265,0.86555,0.000841247,0.8379,0.00248271
1024,0.855715424,0.855451,0.000264424,0.89916,0.00084,0.8952,0.002469351
151,0.861740257,0.862004,0.000263743,0.86835,0.00084,0.853,0.002453758
589,0.676782417,0.677046,0.000263583,0.86258,0.000839743,0.8511,0.002449033
119,0.694660319,0.694397,0.000263319,0.86258,0.000839743,0.8593,0.002440257
301,0.86751,0.867247,0.000263,0.6899,0.000832571,0.8579,0.002428775
736,0.8938269,0.893564,0.0002629,0.69383,0.000830319,0.8914,0.0024269
77,0.676782417,0.677045,0.000262583,0.89917,0.00083,0.8552,0.002405333
12,0.9,0.899738,0.000262,0.90082,0.00082,0.8976,0.0024
296,0.86751,0.867771,0.000261,0.90082,0.00082,0.8976,0.0024
977,0.861621825,0.861361,0.000260825,0.90082,0.00082,0.8976,0.0024
553,0.694632284,0.694893,0.000260716,0.90082,0.00082,0.8583,0.002394604
169,0.855715424,0.855455,0.000260424,0.89301,0.0008169,0.5571,0.002393383
397,0.9,0.89974,0.00026,0.83635,0.000816152,0.8699,0.00239
781,0.865408493,0.865668,0.000259507,0.85653,0.000814576,0.8699,0.00239
167,0.855715424,0.855974,0.000258576,0.5614,0.000812891,0.8962,0.0023731
350,0.729,0.728742,0.000258,0.68604,0.00081118,0.8951,0.002369351
945,0.9,0.900258,0.000258,0.8612,0.000810094,0.8641,0.002359743
215,0.856740046,0.856483,0.000257046,0.90081,0.00081,0.8594,0.002340257
361,0.853144012,0.852887,0.000257012,0.69199,0.000808883,0.559,0.002319875
936,0.86751,0.867767,0.000257,0.86082,0.000801825,0.8652,0.00231
550,0.559270389,0.559014,0.000256389,0.8992,0.0008,0.8631,0.002308493
76,0.676782417,0.676527,0.000255417,0.8992,0.0008,0.8977,0.0023
474,0.852238588,0.852493,0.000254412,0.8992,0.0008,0.9023,0.0023
763,0.9,0.899747,0.000253,0.68994,0.000792571,0.8977,0.0023
853,0.861621825,0.861874,0.000252175,0.68994,0.000792571,0.7313,0.0023
57,0.851985077,0.851733,0.000252077,0.89921,0.00079,0.8639,0.002296401
221,0.86751,0.867258,0.000252,0.8683,0.00079,0.6917,0.002291881
656,0.892730649,0.892479,0.000251649,0.90079,0.00079,0.7003,0.002290392
168,0.855715424,0.855967,0.000251576,0.85626,0.000788775,0.8648,0.002290211
244,0.9,0.899749,0.000251,0.89304,0.0007869,0.8698,0.00229
796,0.862509789,0.862259,0.000250789,0.82127,0.000785687,0.856,0.002285453
686,0.861621825,0.861872,0.000250175,0.8565,0.000784576,0.8639,0.002278175
109,0.860694604,0.860944,0.000249396,0.69124,0.000782729,0.8639,0.002278175
582,0.556680125,0.556431,0.000249125,0.84948,0.00078022,0.6954,0.002270506
501,0.8411931,0.840944,0.0002491,0.72822,0.00078,0.864,0.002259743
323,0.855471225,0.85572,0.000248775,0.89922,0.00078,0.6927,0.002242729
42,0.690599353,0.690351,0.000248353,0.89922,0.00078,0.8595,0.002240257
194,0.9,0.900248,0.000248,0.90078,0.00078,0.8283,0.002235504
271,0.9,0.900248,0.000248,0.85255,0.000779771,0.8283,0.002235504
912,0.9,0.900248,0.000248,0.69145,0.000777731,0.8559,0.002232875
185,0.861740257,0.861493,0.000247257,0.85081,0.000776335,0.8623,0.002230413
258,0.8938269,0.894073,0.0002461,0.85072,0.000774886,0.8489,0.002227271
838,0.855471225,0.855226,0.000245225,0.85211,0.000773878,0.8916,0.0022269
277,0.86751,0.867265,0.000245,0.67601,0.000771078,0.851,0.002224454
925,0.9,0.899755,0.000245,0.89196,0.000770649,0.8594,0.002221825
238,0.9,0.900245,0.000245,0.86328,0.000770211,0.6935,0.002219631
714,0.9,0.900245,0.000245,0.86828,0.00077,0.8632,0.002208493
798,0.862509789,0.862754,0.000244211,0.68674,0.000768192,0.8978,0.0022
762,0.9,0.899758,0.000242,0.82517,0.00076775,0.8978,0.0022
836,0.855471225,0.855713,0.000241775,0.86098,0.000760257,0.9022,0.0022
367,0.86751,0.867751,0.000241,0.86827,0.00076,0.7312,0.0022
406,0.9,0.90024,0.00024,0.86675,0.00076,0.8465,0.00219978
441,0.9,0.90024,0.00024,0.90076,0.00076,0.6884,0.002199353
926,0.9,0.899761,0.000239,0.86675,0.00076,0.8522,0.002195208
500,0.856740046,0.856979,0.000238954,0.86827,0.00076,0.7002,0.002190392
1027,0.684127366,0.684366,0.000238634,0.8364,0.000757813,0.8697,0.00219
341,0.822055687,0.822294,0.000238313,0.85647,0.000754576,0.7001,0.002186321
13,0.9,0.900238,0.000238,0.86087,0.000751825,0.8579,0.002184576
625,0.559493383,0.559731,0.000237617,0.89925,0.00075,0.6746,0.002182417
246,0.9,0.899763,0.000237,0.89925,0.00075,0.8638,0.002178175
31,0.857570721,0.857334,0.000236721,0.89925,0.00075,0.8533,0.002171963
82,0.685489141,0.685253,0.000236141,0.85027,0.00074991,0.8533,0.002153758
1041,0.9,0.899766,0.000234,0.86466,0.000748493,0.8576,0.002128775
729,0.856740046,0.856973,0.000232954,0.85473,0.000741225,0.8917,0.0021269
10,0.9,0.900232,0.000232,0.90074,0.00074,0.8654,0.00211
412,0.9,0.900232,0.000232,0.90074,0.00074,0.8654,0.00211
997,0.690313256,0.690082,0.000231256,0.85621,0.000738775,0.8654,0.00211
78,0.691472935,0.691704,0.000231065,0.85293,0.000737125,0.8633,0.002108493
805,0.9,0.899769,0.000231,0.82465,0.000735953,0.8979,0.0021
270,0.9,0.899771,0.000229,0.85498,0.000735424,0.9021,0.0021
534,0.852591793,0.85282,0.000228207,0.69283,0.00073541,0.9021,0.0021
8,0.9,0.899773,0.000227,0.67605,0.000732417,0.8979,0.0021
390,0.86751,0.867737,0.000227,0.86089,0.000731825,0.9021,0.0021
629,0.559493383,0.55972,0.000226617,0.892,0.000730649,0.8979,0.0021
228,0.855715424,0.855942,0.000226576,0.85755,0.000730586,0.8979,0.0021
68,0.556680125,0.556454,0.000226125,0.89927,0.00073,0.8979,0.0021
795,0.86751,0.867735,0.000225,0.74035,0.000727984,0.9021,0.0021
67,0.835533848,0.835309,0.000224848,0.85126,0.000725077,0.7311,0.0021
1021,0.693129494,0.692906,0.000223494,0.90072,0.00072,0.8675,0.002091507
551,0.851121135,0.850898,0.000223135,0.90072,0.00072,0.8578,0.002084576
663,0.892730649,0.892508,0.000222649,0.72972,0.00072,0.5546,0.002080125
101,0.690732571,0.69051,0.000222571,0.72972,0.00072,0.6967,0.002067716
616,0.690732571,0.690954,0.000221429,0.86246,0.000719743,0.8638,0.002059743
135,0.892730649,0.892952,0.000221351,0.85331,0.000718207,0.6967,0.002039681
436,0.9,0.900221,0.000221,0.6928,0.00071715,0.8907,0.002030649
654,0.861740257,0.86152,0.000220257,0.85617,0.000716242,0.6941,0.002023516
386,0.9,0.90022,0.00022,0.85223,0.000715411,0.849,0.00201991
570,0.85367029,0.853451,0.00021929,0.85832,0.000714667,0.6875,0.002010859
218,0.856740046,0.856959,0.000218954,0.89202,0.000710649,0.8655,0.00201
567,0.848468412,0.848687,0.000218588,0.89929,0.00071,0.8655,0.00201
934,0.86751,0.867292,0.000218,0.89929,0.00071,0.902,0.002
716,0.9,0.900218,0.000218,0.86245,0.000709743,0.902,0.002
464,0.861621825,0.861839,0.000217175,0.69199,0.000709631,0.898,0.002
841,0.86751,0.867727,0.000217,0.85372,0.000699756,0.898,0.002
118,0.694660319,0.694444,0.000216319,0.5898,0.00069,0.902,0.002
488,0.861621825,0.861837,0.000215175,0.6848,0.000689141,0.902,0.002
842,0.9,0.899785,0.000215,0.86231,0.000688175,0.898,0.002
791,0.86751,0.867295,0.000215,0.82203,0.000685634,0.898,0.002
569,0.853714547,0.853929,0.000214453,0.69114,0.000682729,0.902,0.002
613,0.854437765,0.854652,0.000214235,0.69361,0.000678308,0.898,0.002
981,0.9,0.899786,0.000214,0.86318,0.000670211,0.902,0.002
806,0.9,0.900214,0.000214,0.89933,0.00067,0.898,0.002
546,0.559270389,0.559057,0.000213389,0.89933,0.00067,0.8695,0.00199
953,0.9,0.899787,0.000213,0.85221,0.000664283,0.8577,0.001984576
264,0.865408493,0.865196,0.000212493,0.70202,0.0006631,0.8493,0.001981454
1002,0.861621825,0.861834,0.000212175,0.89207,0.000660649,0.8493,0.001981454
503,0.860551406,0.860763,0.000211594,0.90066,0.00066,0.8621,0.001979497
442,0.9,0.899789,0.000211,0.86817,0.00066,0.8564,0.001975397
788,0.9,0.899789,0.000211,0.86207,0.000656462,0.8553,0.001970229
327,0.86751,0.8673,0.00021,0.85506,0.000655424,0.8467,0.001967181
199,0.9,0.900209,0.000209,0.69111,0.000652729,0.8325,0.001964496
893,0.856740046,0.856949,0.000208954,0.84935,0.00065022,0.8656,0.00191
1017,0.860551406,0.860343,0.000208406,0.86816,0.00065,0.9019,0.0019
178,0.861740257,0.861532,0.000208257,0.90065,0.00065,0.8981,0.0019
891,0.851128037,0.85092,0.000208037,0.90065,0.00065,0.8981,0.0019
639,0.691280369,0.691487,0.000206631,0.86186,0.000649789,0.9019,0.0019
455,0.9,0.899794,0.000206,0.84805,0.00064978,0.8981,0.0019
723,0.86751,0.867716,0.000206,0.68981,0.000647271,0.9019,0.0019
774,0.86751,0.867304,0.000206,0.86052,0.000645611,0.8981,0.0019
524,0.823963841,0.823758,0.000205841,0.86005,0.000644604,0.8673,0.001891507
846,0.847318546,0.847113,0.000205546,0.69399,0.000642284,0.8644,0.001890211
498,0.86751,0.867715,0.000205,0.85389,0.000641479,0.8355,0.001871701
1031,0.84869978,0.848496,0.00020378,0.86477,0.000638493,0.8514,0.001868112
708,0.9,0.900203,0.000203,0.70332,0.0006369,0.8586,0.001859954
52,0.854602137,0.854805,0.000202863,0.90063,0.00063,0.8586,0.001859954
312,0.9,0.899798,0.000202,0.90063,0.00063,0.8636,0.001859743
416,0.86751,0.867711,0.000201,0.83528,0.000628223,0.8599,0.001840257
460,0.691147171,0.690948,0.000199171,0.861,0.000621825,0.8555,0.001832875
458,0.853268112,0.853069,0.000199112,0.86813,0.00062,0.6745,0.001832806
772,0.8938269,0.894026,0.0001991,0.86479,0.000618493,0.8503,0.001831588
872,0.855715424,0.855914,0.000198576,0.89939,0.00061,0.687,0.001812575
189,0.9,0.900198,0.000198,0.8669,0.00061,0.8657,0.00181
144,0.861740257,0.861938,0.000197743,0.90061,0.00061,0.8533,0.001805114
492,0.861603599,0.861801,0.000197401,0.85052,0.000608037,0.8982,0.0018
914,0.9,0.899803,0.000197,0.82985,0.000603326,0.9018,0.0018
624,0.857605333,0.857802,0.000196667,0.83602,0.00060271,0.8982,0.0018
59,0.687259414,0.687456,0.000196586,0.85283,0.000602554,0.9018,0.0018
164,0.855715424,0.855912,0.000196576,0.8994,0.0006,0.7308,0.0018
825,0.9,0.900196,0.000196,0.8994,0.0006,0.8693,0.00179
572,0.687259414,0.687454,0.000194586,0.85607,0.000598775,0.8945,0.001769351
317,0.853735578,0.85393,0.000194422,0.90059,0.00059,0.8585,0.001759954
334,0.861621825,0.861428,0.000193825,0.56008,0.000586617,0.8588,0.001751406
61,0.692227731,0.69242,0.000192269,0.89942,0.00058,0.8623,0.001748594
734,0.8938269,0.893635,0.0001919,0.89942,0.00058,0.689,0.001732571
864,0.729,0.728809,0.000191,0.69351,0.000578308,0.5584,0.001719875
986,0.851131674,0.851322,0.000190326,0.68606,0.000570859,0.5584,0.001719875
379,0.856740046,0.85655,0.000190046,0.86808,0.00057,0.693,0.001719631
133,0.892730649,0.892541,0.000189649,0.86194,0.000569789,0.8658,0.00171
496,0.854424603,0.854235,0.000189603,0.55984,0.000569611,0.8608,0.001709789
413,0.9,0.899811,0.000189,0.67735,0.000567583,0.8983,0.0017
266,0.855715424,0.855904,0.000188576,0.67735,0.000567583,0.8983,0.0017
121,0.69209459,0.691907,0.00018759,0.82997,0.000565504,0.9017,0.0017
758,0.9,0.899813,0.000187,0.83534,0.000563909,0.9017,0.0017
365,0.9,0.899814,0.000186,0.86807,0.00056,0.9017,0.0017
660,0.892730649,0.892545,0.000185649,0.86695,0.00056,0.8647,0.001691247
508,0.565387782,0.565573,0.000185218,0.89944,0.00056,0.8642,0.001690211
381,0.9,0.899815,0.000185,0.83109,0.000554496,0.8692,0.00169
493,0.853549033,0.853734,0.000184967,0.69408,0.000552284,0.8574,0.001684576
137,0.861740257,0.861924,0.000183743,0.85057,0.000551135,0.8955,0.0016731
867,0.848705633,0.848523,0.000182633,0.89945,0.00055,0.8538,0.001671225
33,0.559270389,0.559089,0.000181389,0.89945,0.00055,0.8944,0.001669351
637,0.691280369,0.6911,0.000180369,0.90055,0.00055,0.6888,0.001657271
224,0.86751,0.86769,0.00018,0.90055,0.00055,0.8601,0.001640257
792,0.86751,0.86733,0.00018,0.90055,0.00055,0.8289,0.001635504
856,0.693129494,0.69295,0.000179494,0.89328,0.0005469,0.6825,0.001627366
391,0.9,0.899821,0.000179,0.84065,0.0005431,0.862,0.001610094
328,0.9,0.900179,0.000179,0.90054,0.00054,0.8659,0.00161
466,0.854419756,0.854241,0.000178756,0.86197,0.000539789,0.8659,0.00161
650,0.892730649,0.892552,0.000178649,0.55981,0.000539611,0.853,0.001602137
631,0.68983993,0.690018,0.00017807,0.69347,0.000538308,0.8984,0.0016
276,0.86751,0.867688,0.000178,0.86216,0.000538175,0.8984,0.0016
819,0.86751,0.867688,0.000178,0.67732,0.000537583,0.9016,0.0016
839,0.854784966,0.854961,0.000176034,0.83107,0.000534496,0.9016,0.0016
250,0.9,0.899824,0.000176,0.86002,0.000531406,0.9016,0.0016
123,0.691280369,0.691456,0.000175631,0.8922,0.000530649,0.691,0.001591881
923,0.9,0.899825,0.000175,0.90053,0.00053,0.867,0.001591507
7,0.862509789,0.862335,0.000174789,0.90053,0.00053,0.8641,0.001590211
75,0.676782417,0.676608,0.000174417,0.89947,0.00053,0.8691,0.00159
969,0.9,0.899826,0.000174,0.72953,0.00053,0.8691,0.00159
91,0.668562622,0.668389,0.000173622,0.72953,0.00053,0.85,0.001586335
242,0.9,0.900172,0.000172,0.85727,0.000529954,0.8632,0.001578175
359,0.687451563,0.687623,0.000171437,0.85367,0.000525988,0.8632,0.001578175
358,0.855715424,0.855544,0.000171424,0.85218,0.000525766,0.6882,0.001552031
942,0.676782417,0.676612,0.000170417,0.89948,0.00052,0.8602,0.001540257
288,0.9,0.89983,0.00017,0.85987,0.000519906,0.6892,0.001532571
384,0.9,0.90017,0.00017,0.69749,0.000519608,0.8912,0.001530649
924,0.9,0.90017,0.00017,0.86214,0.000518175,0.6888,0.001513256
612,0.860694604,0.860525,0.000169604,0.69156,0.000516484,0.866,0.00151
874,0.822267422,0.822098,0.000169422,0.69067,0.000511117,0.866,0.00151
531,0.852416384,0.852585,0.000168616,0.89222,0.000510649,0.8985,0.0015
844,0.833628299,0.833796,0.000167701,0.89949,0.00051,0.8985,0.0015
107,0.690732571,0.690565,0.000167571,0.90051,0.00051,0.8985,0.0015
688,0.855715424,0.855548,0.000167424,0.90051,0.00051,0.8985,0.0015
1018,0.844601686,0.844769,0.000167314,0.86091,0.000503538,0.8985,0.0015
130,0.692227731,0.692395,0.000167269,0.86005,0.000501406,0.7305,0.0015
96,0.852756261,0.852589,0.000167261,0.86124,0.000500257,0.9015,0.0015
128,0.9,0.900167,0.000167,0.8995,0.0005,0.9015,0.0015
140,0.861740257,0.861575,0.000165257,0.8995,0.0005,0.869,0.00149
556,0.690599353,0.690764,0.000164647,0.9005,0.0005,0.8505,0.001485077
265,0.865408493,0.865244,0.000164493,0.86224,0.000499743,0.8539,0.001483616
947,0.9,0.899836,0.000164,0.69751,0.000499608,0.8632,0.001459743
435,0.9,0.900163,0.000163,0.89323,0.000499351,0.6858,0.001459414
721,0.86751,0.867673,0.000163,0.86212,0.000498175,0.6908,0.001427731
828,0.9,0.899837,0.000163,0.86191,0.000496462,0.8924,0.0014269
16,0.853667125,0.85383,0.000162875,0.8602,0.000494604,0.8554,0.001419414
148,0.861740257,0.861903,0.000162743,0.868,0.00049,0.8661,0.00141
505,0.667816973,0.667978,0.000161027,0.85723,0.000489954,0.8986,0.0014
527,0.9,0.899839,0.000161,0.86223,0.000489743,0.8986,0.0014
720,0.9,0.899839,0.000161,0.89334,0.0004869,0.8986,0.0014
973,0.854415412,0.854576,0.000160588,0.85527,0.000485034,0.9014,0.0014
510,0.855715424,0.855555,0.000160424,0.86021,0.000484604,0.9014,0.0014
776,0.8938269,0.893987,0.0001601,0.86114,0.000481825,0.9014,0.0014
544,0.860389906,0.86023,0.000159906,0.68774,0.000480586,0.9014,0.0014
363,0.861621825,0.861463,0.000158825,0.89952,0.00048,0.9014,0.0014
662,0.861740257,0.861899,0.000158743,0.69176,0.000479631,0.8689,0.00139
694,0.861740257,0.861582,0.000158257,0.55975,0.000479611,0.8689,0.00139
876,0.698009608,0.697852,0.000157608,0.86493,0.000478493,0.8541,0.001371225
98,0.860694604,0.860537,0.000157604,0.55997,0.000476617,0.8543,0.001354589
329,0.821344366,0.821501,0.000156634,0.85524,0.000475424,0.8503,0.001354234
939,0.86751,0.867666,0.000156,0.69081,0.000470369,0.8914,0.001330649
383,0.9,0.900155,0.000155,0.86798,0.00047,0.8914,0.001330649
751,0.9,0.900155,0.000155,0.86704,0.00047,0.8544,0.001315424
773,0.8938269,0.893672,0.0001549,0.90047,0.00047,0.8522,0.001311058
568,0.859874389,0.85972,0.000154389,0.86494,0.000468493,0.8662,0.00131
241,0.9,0.899846,0.000154,0.85066,0.000467271,0.8677,0.001308753
153,0.861740257,0.861588,0.000152257,0.69068,0.000467171,0.8641,0.001308493
652,0.892730649,0.892579,0.000151649,0.69092,0.000462729,0.9013,0.0013
966,0.9,0.899851,0.000149,0.90046,0.00046,0.8987,0.0013
623,0.860694604,0.860843,0.000148396,0.69512,0.000459681,0.9013,0.0013
541,0.853667125,0.85352,0.000147125,0.69509,0.000457716,0.9013,0.0013
1028,0.540931748,0.540785,0.000146748,0.89337,0.0004569,0.9013,0.0013
649,0.892730649,0.892877,0.000146351,0.85715,0.000455333,0.9013,0.0013
669,0.861740257,0.861594,0.000146257,0.82351,0.000453841,0.7303,0.0013
684,0.861621825,0.861767,0.000145175,0.69091,0.000452729,0.8629,0.001296401
114,0.559493383,0.559349,0.000144383,0.86117,0.000451825,0.8594,0.001294604
1001,0.851494886,0.851351,0.000143886,0.90045,0.00045,0.8688,0.00129
1008,0.854423272,0.854567,0.000143728,0.86706,0.00045,0.8491,0.001285895
79,0.676782417,0.676639,0.000143417,0.90045,0.00045,0.8581,0.001280586
657,0.861740257,0.861883,0.000142743,0.69508,0.000447716,0.894,0.001269351
706,0.9,0.900142,0.000142,0.89338,0.0004469,0.863,0.001259743
1036,0.86751,0.867368,0.000142,0.84914,0.00044022,0.6885,0.001252031
583,0.556680125,0.556822,0.000141875,0.6748,0.000438922,0.8555,0.001240046
586,0.556680125,0.556822,0.000141875,0.68935,0.000434931,0.8472,0.001238494
998,0.856819414,0.856679,0.000140414,0.67635,0.000432417,0.6895,0.001232571
850,0.675238922,0.675378,0.000139078,0.8507,0.000431674,0.5397,0.001231748
385,0.9,0.900139,0.000139,0.85324,0.00043029,0.5605,0.001229611
949,0.9,0.900139,0.000139,0.89957,0.00043,0.6919,0.001229494
364,0.68522882,0.68509,0.00013882,0.89957,0.00043,0.8926,0.0012269
618,0.692931692,0.692793,0.000138692,0.86794,0.00043,0.8532,0.001215412
979,0.854419756,0.854557,0.000137244,0.90043,0.00043,0.5666,0.001212218
204,0.9,0.900137,0.000137,0.85399,0.000429756,0.8538,0.001208207
906,0.9,0.900137,0.000137,0.86217,0.000429743,0.8499,0.00120022
475,0.852883878,0.852748,0.000135878,0.89425,0.0004231,0.9012,0.0012
578,0.687259414,0.687395,0.000135586,0.86132,0.000420257,0.9012,0.0012
247,0.9,0.900135,0.000135,0.86132,0.000420257,0.9012,0.0012
814,0.86751,0.867375,0.000135,0.85632,0.000420046,0.9012,0.0012
896,0.9,0.899865,0.000135,0.90042,0.00042,0.9012,0.0012
378,0.862509789,0.862375,0.000134789,0.90042,0.00042,0.9012,0.0012
39,0.694632284,0.694767,0.000134716,0.86709,0.00042,0.8988,0.0012
348,0.793559511,0.793694,0.000134489,0.86209,0.000419789,0.8988,0.0012
786,0.9,0.899866,0.000134,0.86216,0.000419743,0.8988,0.0012
532,0.860059137,0.859926,0.000133137,0.86216,0.000419743,0.8652,0.001191247
325,0.854784966,0.854917,0.000132034,0.85589,0.000418775,0.8556,0.001180244
443,0.9,0.899868,0.000132,0.89341,0.0004169,0.8543,0.001171225
883,0.9,0.899868,0.000132,0.69422,0.000412284,0.8209,0.001155687
103,0.694660319,0.694792,0.000131681,0.86121,0.000411825,0.8543,0.001153758
150,0.892730649,0.892599,0.000131649,0.90041,0.00041,0.6886,0.001148437
818,0.86751,0.867641,0.000131,0.85109,0.000404886,0.8294,0.001135504
27,0.853667125,0.853798,0.000130875,0.85125,0.000404234,0.6935,0.001132284
172,0.861621825,0.861491,0.000130825,0.83524,0.000402187,0.8605,0.001121825
156,0.866391247,0.866521,0.000129753,0.8996,0.0004,0.8605,0.001121825
919,0.9,0.900128,0.000128,0.8996,0.0004,0.8546,0.001115424
47,0.696915823,0.696789,0.000126823,0.9004,0.0004,0.8664,0.00111
484,0.856819414,0.856946,0.000126586,0.85421,0.000392137,0.8618,0.001105396
226,0.830535504,0.830662,0.000126496,0.84886,0.000391588,0.8989,0.0011
245,0.9,0.900126,0.000126,0.89961,0.00039,0.8989,0.0011
724,0.86751,0.867636,0.000126,0.85333,0.000384547,0.8989,0.0011
761,0.9,0.900126,0.000126,0.89421,0.0003831,0.8989,0.0011
823,0.9,0.899875,0.000125,0.69425,0.000382284,0.8989,0.0011
685,0.861621825,0.861497,0.000124825,0.68937,0.000382031,0.9011,0.0011
1,0.9,0.900124,0.000124,0.86124,0.000381825,0.8457,0.001098314
389,0.86751,0.867386,0.000124,0.89235,0.000380649,0.8627,0.001096401
940,0.86751,0.867386,0.000124,0.86789,0.00038,0.8627,0.001096401
742,0.855715424,0.855839,0.000123576,0.86789,0.00038,0.8596,0.001094604
70,0.687508192,0.687385,0.000123192,0.89962,0.00038,0.8636,0.001090211
832,0.855453758,0.855576,0.000122242,0.90038,0.00038,0.8636,0.001090211
718,0.9,0.900122,0.000122,0.86212,0.000379743,0.8686,0.00109
674,0.866391247,0.866271,0.000120247,0.862,0.000378175,0.8593,0.001089906
173,0.861621825,0.861742,0.000120175,0.67716,0.000377583,0.6887,0.001084931
711,0.9,0.89988,0.00012,0.85352,0.000375988,0.8568,0.001084576
744,0.729,0.72912,0.00012,0.83091,0.000374496,0.8518,0.001083878
368,0.823963841,0.824083,0.000119159,0.89963,0.00037,0.6757,0.001082417
804,0.9,0.899881,0.000119,0.89963,0.00037,0.8544,0.001071225
243,0.9,0.900118,0.000118,0.86714,0.00037,0.8628,0.001059743
822,0.9,0.900118,0.000118,0.8931,0.000369351,0.8543,0.001051479
599,0.9,0.900117,0.000117,0.86106,0.000365396,0.8543,0.001031888
975,0.861621825,0.861506,0.000115825,0.85608,0.000364576,0.8501,0.001031674
692,0.861740257,0.861856,0.000115743,0.85608,0.000364576,0.8606,0.001021825
468,0.86751,0.867625,0.000115,0.6943,0.000360319,0.6923,0.001019631
330,0.833628299,0.833743,0.000114701,0.69329,0.000358308,0.6922,0.001018883
2,0.892730649,0.892618,0.000112649,0.69014,0.000355069,0.6959,0.001015823
36,0.559270389,0.559158,0.000112389,0.83555,0.000353909,0.6908,0.001015069
237,0.9,0.899888,0.000112,0.89965,0.00035,0.8665,0.00101
388,0.835642187,0.835754,0.000111813,0.90035,0.00035,0.8422,0.0010069
739,0.855715424,0.855604,0.000111424,0.90035,0.00035,0.899,0.001
911,0.9,0.900111,0.000111,0.86786,0.00035,0.901,0.001
1037,0.9,0.899889,0.000111,0.83019,0.000345504,0.899,0.001
376,0.862509789,0.86262,0.000110211,0.86104,0.000345396,0.899,0.001
1016,0.86751,0.8674,0.00011,0.84426,0.000341686,0.901,0.001
901,0.83541729,0.835526,0.00010871,0.89416,0.0003331,0.901,0.001
789,0.9,0.899892,0.000108,0.67645,0.000332417,0.901,0.001
356,0.688812575,0.688705,0.000107575,0.69433,0.000330319,0.8685,0.00099
282,0.862509789,0.862617,0.000107211,0.89967,0.00033,0.8594,0.000989906
346,0.729,0.728893,0.000107,0.89967,0.00033,0.8948,0.0009731
514,0.540931748,0.540826,0.000105748,0.86784,0.00033,0.8554,0.000962235
459,0.854415412,0.854521,0.000105588,0.86783,0.00032,0.8627,0.000959743
1005,0.851494886,0.8516,0.000105114,0.89968,0.00032,0.6895,0.000957271
509,0.689784931,0.68968,0.000104931,0.89968,0.00032,0.6882,0.000940586
235,0.86751,0.867406,0.000104,0.89968,0.00032,0.8249,0.000936159
938,0.86751,0.867614,0.000104,0.85447,0.000314966,0.8528,0.000935578
17,0.852416384,0.85252,0.000103616,0.90031,0.00031,0.6898,0.000932571
506,0.853399629,0.853503,0.000103371,0.69006,0.000307969,0.8506,0.000930068
100,0.854419756,0.854523,0.000103244,0.85413,0.000307765,0.8607,0.000921825
812,0.8938269,0.89393,0.0001031,0.861,0.000305396,0.8607,0.000921825
431,0.9,0.899897,0.000103,0.85143,0.000301963,0.8502,0.000921135
398,0.9,0.900103,0.000103,0.8997,0.0003,0.6777,0.000917583
424,0.86751,0.867613,0.000103,0.9003,0.0003,0.8666,0.00091
704,0.9,0.900103,0.000103,0.85194,0.000298588,0.8666,0.00091
53,0.848468412,0.848571,0.000102588,0.89412,0.0002931,0.8666,0.00091
206,0.9,0.899898,0.000102,0.89244,0.000290649,0.8666,0.00091
217,0.861413538,0.861312,0.000101538,0.72871,0.00029,0.8616,0.000909789
545,0.857570721,0.857672,0.000101279,0.86722,0.00029,0.5604,0.000906617
983,0.9,0.900101,0.000101,0.89302,0.000289351,0.7281,0.0009
994,0.861603599,0.861704,0.000100401,0.85326,0.000289033,0.8991,0.0009
670,0.866391247,0.866491,9.98E-05,0.83334,0.000288299,0.9009,0.0009
794,0.86751,0.867609,9.90E-05,0.8501,0.000285895,0.9009,0.0009
559,0.689752031,0.689849,9.70E-05,0.85411,0.000285208,0.9009,0.0009
81,0.685489141,0.685586,9.69E-05,0.86202,0.000279743,0.9009,0.0009
434,0.9,0.899904,9.60E-05,0.8619,0.000278175,0.9009,0.0009
754,0.9,0.900096,9.60E-05,0.85299,0.000278112,0.8991,0.0009
517,0.84869978,0.848795,9.52E-05,0.84147,0.0002769,0.9009,0.0009
154,0.861740257,0.861835,9.47E-05,0.86188,0.000276401,0.9009,0.0009
127,0.690732571,0.690638,9.46E-05,0.85518,0.000273758,0.9009,0.0009
227,0.830535504,0.830441,9.45E-05,0.6844,0.000272634,0.8991,0.0009
293,0.9,0.900094,9.40E-05,0.86778,0.00027,0.9009,0.0009
382,0.9,0.900094,9.40E-05,0.90027,0.00027,0.8253,0.00089775
21,0.854395208,0.854302,9.32E-05,0.6724,0.000267194,0.8506,0.000894886
216,0.861413538,0.861321,9.25E-05,0.86043,0.000264604,0.8634,0.000890211
535,0.854395208,0.854303,9.22E-05,0.89974,0.00026,0.8684,0.00089
865,0.59049,0.590398,9.20E-05,0.89974,0.00026,0.8566,0.000884576
232,0.86751,0.867602,9.20E-05,0.89974,0.00026,0.6687,0.000883027
897,0.9,0.900091,9.10E-05,0.89974,0.00026,0.8947,0.0008731
593,0.676782417,0.676692,9.04E-05,0.89974,0.00026,0.8936,0.000869351
946,0.9,0.89991,9.00E-05,0.90026,0.00026,0.6938,0.000868308
230,0.729,0.72909,9.00E-05,0.85597,0.000254576,0.8626,0.000859743
537,0.690457271,0.690547,8.97E-05,0.89975,0.00025,0.854,0.000855988
563,0.9,0.900089,8.90E-05,0.90025,0.00025,0.8313,0.000846674
840,0.9,0.899911,8.90E-05,0.89975,0.00025,0.8526,0.000832554
116,0.851530068,0.851619,8.89E-05,0.90025,0.00025,0.8919,0.000830649
395,0.9,0.900088,8.80E-05,0.90025,0.00025,0.6914,0.000827731
3,0.892730649,0.892818,8.74E-05,0.85199,0.000248588,0.8608,0.000821825
452,0.9,0.900087,8.70E-05,0.85596,0.000244576,0.8606,0.000813538
646,0.892730649,0.892644,8.66E-05,0.67654,0.000242417,0.8667,0.00081
976,0.692076484,0.69199,8.65E-05,0.86138,0.000241825,0.8617,0.000809789
38,0.689784931,0.689871,8.61E-05,0.90024,0.00024,0.9008,0.0008
263,0.86751,0.867596,8.60E-05,0.90024,0.00024,0.8992,0.0008
987,0.69208285,0.691997,8.59E-05,0.68525,0.000239141,0.8992,0.0008
375,0.822869648,0.822784,8.56E-05,0.85548,0.000235424,0.8992,0.0008
702,0.9,0.899915,8.50E-05,0.86274,0.000230211,0.8525,0.000798513
910,0.9,0.900085,8.50E-05,0.89977,0.00023,0.8683,0.00079
290,0.9,0.900083,8.30E-05,0.90023,0.00023,0.8683,0.00079
785,0.9,0.900083,8.30E-05,0.86774,0.00023,0.8246,0.000785953
51,0.846282891,0.8462,8.29E-05,0.86197,0.000229743,0.8624,0.000778175
268,0.865408493,0.865326,8.25E-05,0.69128,0.000228783,0.6865,0.000759414
262,0.8938269,0.893745,8.19E-05,0.86185,0.000228175,0.8535,0.000743739
354,0.845961506,0.84588,8.15E-05,0.85164,0.00022765,0.688,0.000740586
58,0.687259414,0.687178,8.14E-05,0.69023,0.000227271,0.861,0.000740257
411,0.9,0.899919,8.10E-05,0.85352,0.000221487,0.8348,0.000733848
972,0.853268112,0.853349,8.09E-05,0.86029,0.000220413,0.6939,0.000732284
239,0.9,0.90008,8.00E-05,0.86152,0.000220257,0.8668,0.00071
1013,0.850888942,0.85081,7.89E-05,0.90022,0.00022,0.8668,0.00071
868,0.845961506,0.845884,7.75E-05,0.89978,0.00022,0.8668,0.00071
930,0.86751,0.867587,7.70E-05,0.89978,0.00022,0.8668,0.00071
269,0.855715424,0.855792,7.66E-05,0.86196,0.000219743,0.8541,0.000700371
894,0.862509789,0.862586,7.62E-05,0.89295,0.000219351,0.8993,0.0007
878,0.68522882,0.685305,7.62E-05,0.8511,0.000211058,0.9007,0.0007
780,0.855715424,0.855791,7.56E-05,0.8673,0.00021,0.9007,0.0007
297,0.8938269,0.893902,7.51E-05,0.86772,0.00021,0.9007,0.0007
642,0.9,0.899925,7.50E-05,0.90021,0.00021,0.9007,0.0007
43,0.694632284,0.694558,7.43E-05,0.90021,0.00021,0.9007,0.0007
177,0.861740257,0.861666,7.43E-05,0.90021,0.00021,0.9007,0.0007
490,0.85101991,0.850946,7.39E-05,0.85778,0.000209279,0.9007,0.0007
691,0.861740257,0.861814,7.37E-05,0.85481,0.000207863,0.9007,0.0007
111,0.559493383,0.55942,7.34E-05,0.89403,0.0002031,0.8661,0.000691507
313,0.9,0.90007,7.00E-05,0.68725,0.000201563,0.8621,0.000686462
747,0.729,0.72907,7.00E-05,0.85527,0.000201225,0.8623,0.000678175
596,0.685489141,0.685559,6.99E-05,0.86271,0.000200211,0.8945,0.0006731
162,0.865408493,0.865478,6.95E-05,0.9002,0.0002,0.822,0.000655634
184,0.861740257,0.861671,6.93E-05,0.86231,0.000199789,0.8509,0.000645717
937,0.86751,0.867579,6.90E-05,0.86194,0.000199743,0.8611,0.000640257
20,0.852591793,0.85266,6.82E-05,0.85987,0.000199587,0.6953,0.000639681
159,0.866391247,0.866324,6.72E-05,0.85167,0.00019765,0.8516,0.000638588
11,0.862509789,0.862443,6.68E-05,0.82377,0.000193841,0.8531,0.000635578
1006,0.861603599,0.861537,6.66E-05,0.86025,0.000190863,0.8491,0.000631588
93,0.851654234,0.851588,6.62E-05,0.72881,0.00019,0.8561,0.000628775
703,0.9,0.899934,6.60E-05,0.89981,0.00019,0.6918,0.000618883
813,0.86751,0.867576,6.60E-05,0.89981,0.00019,0.8608,0.000613538
499,0.850888942,0.850823,6.59E-05,0.89981,0.00019,0.5612,0.000612891
547,0.559270389,0.559335,6.46E-05,0.90019,0.00019,0.8669,0.00061
405,0.9,0.900064,6.40E-05,0.86732,0.00019,0.8994,0.0006
285,0.862509789,0.862446,6.38E-05,0.86732,0.00019,0.8994,0.0006
41,0.694632284,0.694569,6.33E-05,0.68707,0.000189414,0.8994,0.0006
803,0.9,0.899937,6.30E-05,0.82415,0.000186159,0.7296,0.0006
261,0.8938269,0.893764,6.29E-05,0.86156,0.000180257,0.9006,0.0006
879,0.9,0.899938,6.20E-05,0.86769,0.00018,0.8631,0.000590211
355,0.697913679,0.697975,6.13E-05,0.90018,0.00018,0.6892,0.000584931
311,0.9,0.899939,6.10E-05,0.86769,0.00018,0.8622,0.000578175
483,0.690313256,0.690374,6.07E-05,0.68733,0.000178192,0.6937,0.000570506
1030,0.824465398,0.824526,6.06E-05,0.8553,0.000171225,0.8595,0.000569587
523,0.9,0.90006,6.00E-05,0.86268,0.000170211,0.8933,0.000569351
810,0.86751,0.86745,6.00E-05,0.86734,0.00017,0.6758,0.000561078
974,0.691147171,0.691207,5.98E-05,0.89983,0.00017,0.8623,0.000559743
528,0.851586335,0.851527,5.93E-05,0.89983,0.00017,0.793,0.000559511
380,0.862509789,0.862569,5.92E-05,0.89983,0.00017,0.6867,0.000559414
401,0.9,0.899942,5.80E-05,0.89983,0.00017,0.6952,0.000539681
602,0.848667181,0.84861,5.72E-05,0.86191,0.000169743,0.8228,0.000532578
600,0.68983993,0.689897,5.71E-05,0.86179,0.000168175,0.8228,0.000532578
399,0.9,0.899944,5.60E-05,0.85477,0.000167863,0.8933,0.0005269
157,0.866391247,0.866447,5.58E-05,0.8243,0.000165398,0.8552,0.000515424
307,0.9,0.900055,5.50E-05,0.69015,0.000163256,0.867,0.00051
143,0.861740257,0.861795,5.47E-05,0.89257,0.000160649,0.862,0.000509789
978,0.861621825,0.861676,5.42E-05,0.85658,0.000160046,0.861,0.0005048
808,0.8938269,0.893881,5.41E-05,0.86767,0.00016,0.7285,0.0005
196,0.9,0.900054,5.40E-05,0.89984,0.00016,0.8995,0.0005
108,0.8604952,0.860442,5.32E-05,0.89984,0.00016,0.8995,0.0005
419,0.86751,0.867457,5.30E-05,0.85426,0.000159756,0.9005,0.0005
980,0.854419756,0.854471,5.12E-05,0.85563,0.000158775,0.863,0.000490211
820,0.9,0.900051,5.10E-05,0.86178,0.000158175,0.863,0.000490211
928,0.9,0.900051,5.10E-05,0.85459,0.000152235,0.6908,0.000486744
134,0.861740257,0.861791,5.07E-05,0.84581,0.000151506,0.6763,0.000482417
165,0.865408493,0.865459,5.05E-05,0.86266,0.000150211,0.8621,0.000478175
909,0.9,0.90005,5.00E-05,0.90015,0.00015,0.8514,0.00046765
985,0.853310021,0.85336,5.00E-05,0.89985,0.00015,0.8527,0.000444012
192,0.9,0.899951,4.90E-05,0.89985,0.00015,0.6748,0.000438922
309,0.9,0.899951,4.90E-05,0.89985,0.00015,0.8244,0.000436159
152,0.861740257,0.861789,4.87E-05,0.89985,0.00015,0.8301,0.000435504
507,0.693129494,0.693081,4.85E-05,0.85427,0.000149756,0.5597,0.000429611
861,0.7026831,0.702635,4.81E-05,0.85533,0.000141225,0.8559,0.000428775
677,0.865408493,0.865362,4.65E-05,0.85696,0.000140586,0.8934,0.0004269
208,0.86751,0.867556,4.60E-05,0.55913,0.000140389,0.8612,0.000421825
710,0.9,0.900046,4.60E-05,0.89986,0.00014,0.8553,0.000415424
801,0.862509789,0.862464,4.58E-05,0.89986,0.00014,0.6859,0.000410859
186,0.861740257,0.861786,4.57E-05,0.90014,0.00014,0.8671,0.00041
374,0.862509789,0.862555,4.52E-05,0.90014,0.00014,0.8671,0.00041
753,0.9,0.899955,4.50E-05,0.86765,0.00014,0.8671,0.00041
210,0.86751,0.867465,4.50E-05,0.6948,0.000139681,0.8671,0.00041
211,0.86751,0.867465,4.50E-05,0.84642,0.000137109,0.8621,0.000409789
321,0.855471225,0.855516,4.48E-05,0.85585,0.000134576,0.8355,0.000403909
667,0.861740257,0.861696,4.43E-05,0.85358,0.000134547,0.8996,0.0004
585,0.556680125,0.556636,4.41E-05,0.89396,0.0001331,0.8996,0.0004
56,0.85367029,0.853712,4.17E-05,0.85346,0.000130229,0.8996,0.0004
45,0.689752031,0.689711,4.10E-05,0.89987,0.00013,0.8996,0.0004
187,0.9,0.90004,4.00E-05,0.72913,0.00013,0.8996,0.0004
409,0.9,0.90004,4.00E-05,0.83066,0.000124496,0.9004,0.0004
357,0.861621825,0.861582,3.98E-05,0.89395,0.0001231,0.9004,0.0004
944,0.9,0.900039,3.90E-05,0.85367,0.000120967,0.9004,0.0004
885,0.851127271,0.851166,3.87E-05,0.69813,0.000120392,0.866,0.000391247
480,0.861603599,0.861565,3.86E-05,0.86263,0.000120211,0.6984,0.000390392
690,0.861740257,0.861702,3.83E-05,0.90012,0.00012,0.8629,0.000390211
392,0.9,0.899962,3.80E-05,0.89988,0.00012,0.8679,0.00039
960,0.9,0.900038,3.80E-05,0.89988,0.00012,0.6764,0.000382417
965,0.9,0.899962,3.80E-05,0.86186,0.000119743,0.862,0.000378175
351,0.59049,0.590527,3.70E-05,0.83057,0.000116674,0.8942,0.0003731
548,0.689408119,0.689372,3.61E-05,0.84866,0.000115546,0.8621,0.000359743
212,0.86751,0.867474,3.60E-05,0.85253,0.000113616,0.8597,0.000359137
771,0.9,0.899964,3.60E-05,0.89262,0.000110649,0.6909,0.000353699
726,0.86751,0.867476,3.40E-05,0.55916,0.000110389,0.6894,0.000352031
115,0.559493383,0.559527,3.36E-05,0.55916,0.000110389,0.6904,0.000332571
188,0.9,0.899967,3.30E-05,0.86262,0.000110211,0.8333,0.000328299
248,0.9,0.900033,3.30E-05,0.89989,0.00011,0.8541,0.000319756
733,0.8938269,0.893794,3.29E-05,0.86762,0.00011,0.8672,0.00031
149,0.892730649,0.892762,3.14E-05,0.86762,0.00011,0.8667,0.000308753
752,0.9,0.900031,3.10E-05,0.86762,0.00011,0.849,0.00030022
1010,0.854424603,0.854394,3.06E-05,0.8624,0.000109789,0.8997,0.0003
304,0.86751,0.86748,3.00E-05,0.86164,0.000100257,0.8997,0.0003
339,0.861621825,0.861651,2.92E-05,0.9001,1.00E-04,0.9003,0.0003
964,0.835908223,0.835937,2.88E-05,0.8999,1.00E-04,0.9003,0.0003
22,0.690457271,0.690486,2.87E-05,0.8999,1.00E-04,0.9003,0.0003
456,0.9,0.900028,2.80E-05,0.8999,1.00E-04,0.8997,0.0003
394,0.9,0.900027,2.70E-05,0.68974,9.99E-05,0.9003,0.0003
802,0.9,0.899973,2.70E-05,0.8532,9.85E-05,0.9003,0.0003
604,0.830535504,0.830509,2.65E-05,0.89373,9.69E-05,0.9003,0.0003
414,0.9,0.899974,2.60E-05,0.8676,9.00E-05,0.8549,0.000297863
105,0.853329771,0.853304,2.58E-05,0.8676,9.00E-05,0.8678,0.00029
402,0.9,0.900025,2.50E-05,0.85318,8.81E-05,0.8678,0.00029
220,0.8938269,0.893802,2.49E-05,0.89374,8.69E-05,0.8571,0.000280586
784,0.9,0.899976,2.40E-05,0.85537,8.38E-05,0.8619,0.000278175
601,0.861621825,0.861598,2.38E-05,0.6679,8.30E-05,0.8941,0.0002731
255,0.9,0.899977,2.30E-05,0.86166,8.03E-05,0.6949,0.000267716
698,0.861740257,0.861763,2.27E-05,0.89992,8.00E-05,0.6949,0.000267716
898,0.9,0.900022,2.20E-05,0.86743,8.00E-05,0.862,0.000259743
536,0.690457271,0.690436,2.13E-05,0.90008,8.00E-05,0.862,0.000259743
251,0.9,0.90002,2.00E-05,0.86243,7.98E-05,0.8532,0.000254589
760,0.9,0.900019,1.90E-05,0.85434,7.98E-05,0.8552,0.000253758
858,0.854419756,0.854401,1.88E-05,0.86548,7.15E-05,0.8623,0.000209789
163,0.865408493,0.865427,1.85E-05,0.86167,7.03E-05,0.8998,0.0002
256,0.9,0.899982,1.80E-05,0.90007,7.00E-05,0.9002,0.0002
448,0.9,0.899982,1.80E-05,0.90007,7.00E-05,0.9002,0.0002
175,0.861740257,0.861758,1.77E-05,0.90007,7.00E-05,0.9002,0.0002
29,0.860491422,0.860474,1.74E-05,0.69154,6.71E-05,0.9002,0.0002
85,0.9,0.899983,1.70E-05,0.55943,6.34E-05,0.9002,0.0002
931,0.86751,0.867493,1.70E-05,0.89389,6.31E-05,0.9002,0.0002
136,0.892730649,0.892714,1.66E-05,0.89389,6.31E-05,0.8361,0.000191777
759,0.9,0.900016,1.60E-05,0.86156,6.18E-05,0.7025,0.0001831
315,0.855453758,0.855438,1.58E-05,0.86757,6.00E-05,0.8553,0.000171225
943,0.694660319,0.694676,1.57E-05,0.86745,6.00E-05,0.8619,0.000159743
731,0.861413538,0.861398,1.55E-05,0.86018,5.95E-05,0.8517,0.000154283
432,0.9,0.899985,1.50E-05,0.85687,5.06E-05,0.8537,0.000150967
961,0.9,0.900015,1.50E-05,0.55663,5.01E-05,0.8306,0.000146674
125,0.691280369,0.691266,1.44E-05,0.86756,5.00E-05,0.8518,0.000145766
588,0.688812575,0.688826,1.34E-05,0.86746,5.00E-05,0.8616,0.000140257
278,0.86751,0.867497,1.30E-05,0.85679,5.00E-05,0.8566,0.000140046
871,0.861621825,0.861609,1.28E-05,0.86165,4.64E-05,0.8577,0.000129279
695,0.861740257,0.861753,1.27E-05,0.85435,4.52E-05,0.8937,0.0001269
614,0.854419756,0.854432,1.22E-05,0.82451,4.46E-05,0.8674,0.00011
209,0.86751,0.867498,1.20E-05,0.90004,4.00E-05,0.8674,0.00011
722,0.86751,0.867498,1.20E-05,0.85678,4.00E-05,0.8624,0.000109789
66,0.853714547,0.853726,1.15E-05,0.69151,3.96E-05,0.9001,1.00E-04
292,0.9,0.899989,1.10E-05,0.86537,3.85E-05,0.9001,1.00E-04
306,0.9,0.899989,1.10E-05,0.6972,3.74E-05,0.9001,1.00E-04
790,0.86751,0.867521,1.10E-05,0.86157,3.36E-05,0.8999,1.00E-04
463,0.861621825,0.861611,1.08E-05,0.90003,3.00E-05,0.8999,1.00E-04
132,0.892730649,0.89272,1.06E-05,0.86754,3.00E-05,0.9001,1.00E-04
259,0.8938269,0.893817,9.90E-06,0.90003,3.00E-05,0.8999,1.00E-04
99,0.854437765,0.854428,9.76E-06,0.8511,2.73E-05,0.9001,1.00E-04
176,0.861740257,0.86175,9.74E-06,0.68976,2.49E-05,0.9001,1.00E-04
62,0.85186765,0.851877,9.35E-06,0.85147,2.49E-05,0.8999,1.00E-04
205,0.9,0.900009,9.00E-06,0.86753,2.00E-05,0.8999,1.00E-04
201,0.9,0.899993,7.00E-06,0.90002,2.00E-05,0.8999,1.00E-04
595,0.685489141,0.685496,6.86E-06,0.90002,2.00E-05,0.9001,1.00E-04
902,0.835642187,0.835649,6.81E-06,0.90002,2.00E-05,0.9001,1.00E-04
371,0.851127271,0.851121,6.27E-06,0.90002,2.00E-05,0.836,9.61E-05
989,0.852883878,0.85289,6.12E-06,0.86176,1.97E-05,0.6981,9.04E-05
404,0.9,0.899994,6.00E-06,0.69468,1.97E-05,0.8545,8.02E-05
418,0.86751,0.867515,5.00E-06,0.85345,1.74E-05,0.8512,7.20E-05
777,0.86751,0.867515,5.00E-06,0.83052,1.55E-05,0.6947,3.97E-05
526,0.729,0.729005,5.00E-06,0.8557,1.54E-05,0.8245,3.46E-05
963,0.835903909,0.835899,4.91E-06,0.8516,1.37E-05,0.8544,1.98E-05
225,0.855715424,0.855711,4.42E-06,0.82439,1.23E-05,0.8544,1.98E-05
298,0.8938269,0.893823,3.90E-06,0.68974,1.20E-05,0.6898,1.51E-05
340,0.861621825,0.86162,1.83E-06,0.89999,1.00E-05,0.8675,1.00E-05
941,0.694632284,0.694634,1.72E-06,0.89999,1.00E-05,0.8675,1.00E-05
65,0.860120503,0.860119,1.50E-06,0.89999,1.00E-05,0.8654,8.49E-06
457,0.9,0.900001,1.00E-06,0.86175,9.74E-06,0.8544,4.79E-06
770,0.9,0.900001,1.00E-06,0.85368,9.71E-06,0.729,1.11E-16
996,0.560587109,0.560588,8.91E-07,0.8616,3.60E-06,0.9,0
110,0.857605333,0.857605,3.33E-07,0.86751,0,0.9,0
